pdb_id,resolution,method,deposition_date,release_date,n_chains,mhc_chain,mhc_locus,mhc_hmm_conf,allele,allele_identity,allele_exact,curation_note,allele_raw_tool,allele_curated,b2m_chain,b2m_conf,peptide_chain,peptide_seq,iedb_matched,iedb_source_antigen,iedb_source_organism,iedb_antigen_accession,peptide_len,tcr_alpha_chain,tcr_beta_chain,tcr_type,tcr3d_trav,tcr3d_trbv,tcr_alpha_v_gene,tcr_alpha_j_gene,tcr_beta_v_gene,tcr_beta_j_gene,cdr1_alpha,cdr2_alpha,cdr3_alpha,cdr1_beta,cdr2_beta,cdr3_beta,tcr_type_annot,tcr_vgene_metadata_discrepancy,tcr_vgene_resolution,iedb_tcr_beta_v,iedb_tcr_alpha_v,sources,peptide_flag,b2m_note,structure_note,resolution_source,alignment_rmsd_mean,alignment_rmsd_per_complex,n_complexes_aligned,has_altloc,antigen_type,antigen_type_basis,clonotype_id,clonotype_n_members,clonotype_shared
1AO7,2.6,x_ray,1997-07-21,1997-09-17,5,A,hla_a,1.0,HLA-A*02:01,1.0,True,,,False,B,0.8365,C,LLFGYPVYV,True,transcriptional activator Tax,Human T-cell leukemia virus type I (Human T cell leukemia virus type 1),AAG31572.1,9,D,E,abTCR,TRAV12-2,TRBV6-5,TRAV12-2*01,TRAJ24*02,TRBV6-5*01,TRBJ2-7*01,DRGSQS,IYSNGD,AVTTDSWGKLQ,MNHEY,SVGAGI,ASRPGLAGGRPEQY,abTCR,,,,,"stcrdab,tcr3d,atlas",,,,STCRDab,0.3593,1:0.3593,1,False,pathogen,organism is a pathogen,CL001,10,True
1BD2,2.5,x_ray,1998-05-12,1998-08-19,5,A,hla_a,1.0,HLA-A*02:01,1.0,True,,,False,B,0.8846,C,LLFGYPVYV,True,transcriptional activator Tax,Human T-cell leukemia virus type I (Human T cell leukemia virus type 1),AAG31572.1,9,D,E,abTCR,TRAV29/DV5,TRBV6-5,TRAV29/DV5*01,TRDJ1*01,TRBV6-5*01,TRBJ2-7*01,NSMFDY,ISSIKDK,AAMEGAQKLV,MNHEY,SVGAGI,ASSYPGGGFYEQY,abTCR,,,,,"stcrdab,tcr3d,atlas",,,,STCRDab,0.3085,1:0.3085,1,False,pathogen,organism is a pathogen,CL038,1,False
1MI5,2.5,x_ray,2002-08-21,2003-02-04,5,A,hla_b,1.0,HLA-B*08:01,0.9964,False,,,False,B,0.9082,C,FLRGRAYGL,True,"nuclear antigen EBNA-3, partial [human gammaherpesvirus 4]",Human herpesvirus 4 (Epstein Barr virus),AAB20986.1,9,D,E,abTCR,TRAV26-2,TRBV7-8,TRAV26-2*01,TRAJ52*01,TRBV7-8*01,TRBJ2-7*01,TISGTDY,GLTSN,ILPLAGGTSYGKLT,SGHVS,FQNEAQ,ASSLGQAYEQY,abTCR,,,,,"stcrdab,tcr3d,atlas",,,,STCRDab,0.4093,1:0.4093,1,False,pathogen,organism is a pathogen,CL009,3,True
1OGA,1.4,x_ray,2003-04-28,2003-06-19,5,A,hla_a,1.0,HLA-A*02:01,0.9982,False,,,False,B,0.8846,C,GILGFVFTL,True,membrane protein M1,Influenza A virus (A/turkey/Minnesota/833/1980(H4N2)) (Influenza A virus (A/turkey/MN/833/1980(H4N2))),AAA43349.1,9,D,E,abTCR,TRAV27,TRBV19,TRAV27*01,TRAJ42*01,TRBV19*01,TRBJ2-7*01,SVFSS,VVTGGEV,AGAGSQGNLI,LNHDA,SQIVND,ASSSRSSYEQY,abTCR,,,,,"stcrdab,tcr3d",,,,STCRDab,0.1748,1:0.1748,1,False,pathogen,organism is a pathogen,CL006,4,True
1QRN,2.8,x_ray,1999-06-14,1999-10-14,5,A,hla_a,1.0,HLA-A*02:01,1.0,True,,,False,B,0.8846,C,LLFGYAVYV,True,,,,9,D,E,abTCR,TRAV12-2,TRBV6-5,TRAV12-2*01,TRAJ24*02,TRBV6-5*01,TRBJ2-7*01,DRGSQS,IYSNGD,AVTTDSWGKLQ,MNHEY,SVGAGI,ASRPGLAGGRPEQY,abTCR,,,,,"stcrdab,tcr3d,atlas",,,,STCRDab,0.3746,1:0.3746,1,False,pathogen,A6-TCR/peptide/HLA-A2 structures (Tax epitope of HTLV-1),CL001,10,True
1QSE,2.8,x_ray,1999-06-21,1999-12-21,5,A,hla_a,1.0,HLA-A*02:01,1.0,True,,,False,B,0.8846,C,LLFGYPRYV,True,,,,9,D,E,abTCR,TRAV12-2,TRBV6-5,TRAV12-2*01,TRAJ24*02,TRBV6-5*01,TRBJ2-7*01,DRGSQS,IYSNGD,AVTTDSWGKLQ,MNHEY,SVGAGI,ASRPGLAGGRPEQY,abTCR,,,,,"stcrdab,tcr3d,atlas",,,,STCRDab,0.351,1:0.351,1,False,pathogen,A6-TCR/peptide/HLA-A2 structures (Tax epitope of HTLV-1),CL001,10,True
1QSF,2.8,x_ray,1999-06-21,1999-12-21,5,A,hla_a,1.0,HLA-A*02:01,0.9964,False,,,False,B,0.8846,C,LLFGYPVAV,True,,,,9,D,E,abTCR,TRAV12-2,TRBV6-5,TRAV12-2*01,TRAJ24*02,TRBV6-5*01,TRBJ2-7*01,DRGSQS,IYSNGD,AVTTDSWGKLQ,MNHEY,SVGAGI,ASRPGLAGGRPEQY,abTCR,,,,,"stcrdab,tcr3d,atlas",,,,STCRDab,0.3633,1:0.3633,1,False,pathogen,A6-TCR/peptide/HLA-A2 structures (Tax epitope of HTLV-1),CL001,10,True
2AK4,2.5,x_ray,2005-08-03,2005-10-11,5,A,hla_b,1.0,HLA-B*35:08,0.9982,False,,,False,B,0.9082,C,LPEPLPQGQLTAY,True,BZLF1,Human herpesvirus 4 (Epstein Barr virus),AAA66529.1,13,"D,I,N,T","E,J,P,U",abTCR,TRAV19,TRBV6-1,TRAV19*01,TRAJ34*01,TRBV6-1*01,TRBJ2-7*01,TRDTTYY,RNSFDEQN,ALSGFYNTDKLI,MNHNS,SASEGT,ASPGLAGEYEQY,abTCR,,,,,"stcrdab,tcr3d,atlas",,,,STCRDab,0.5291,1:0.5341;2:0.5425;3:0.5212;4:0.5187,4,False,pathogen,organism is a pathogen,CL016,2,True
2BNQ,1.7,x_ray,2005-03-31,2005-05-23,5,A,hla_a,1.0,HLA-A*02:01,0.9982,False,,,False,B,0.8846,C,SLLMWITQV,True,melanoma-specific artificial polyepitopic immunogen [Vaccinia virus],Orthopoxvirus vaccinia (Vaccinia virus),AXN56296.1,9,D,E,abTCR,TRAV21,TRBV6-5,TRAV21*01,TRAJ6*01,TRBV6-5*01,TRBJ2-2*01,DSAIYN,IQSSQRE,AVRPTSGGSYIPT,MNHEY,SVGAGI,ASSYVGNTGELF,abTCR,,,,,"stcrdab,tcr3d,atlas",,,,STCRDab,0.2105,1:0.2105,1,False,pathogen,organism is a pathogen,CL007,4,True
2BNR,1.9,x_ray,2005-03-31,2005-05-23,5,A,hla_a,1.0,HLA-A*02:01,0.9982,False,,,False,B,0.8846,C,SLLMWITQC,True,"CTAG2 protein, partial [Homo sapiens]",Homo sapiens (human),133777817,9,D,E,abTCR,TRAV21,TRBV6-5,TRAV21*01,TRAJ6*01,TRBV6-5*01,TRBJ2-2*01,DSAIYN,IQSSQRE,AVRPTSGGSYIPT,MNHEY,SVGAGI,ASSYVGNTGELF,abTCR,,,,,"stcrdab,tcr3d,atlas",,,,STCRDab,0.2668,1:0.2668,1,False,tumour,cancer/testis antigen NY-ESO-1,CL007,4,True
2F53,2.1,x_ray,2005-11-25,2006-04-25,5,A,hla_a,1.0,HLA-A*02:01,1.0,True,,,False,B,0.8638,C,SLLMWITQC,True,"CTAG2 protein, partial [Homo sapiens]",Homo sapiens (human),133777817,9,D,E,abTCR,TRAV21,TRBV6-5,TRAV21*01,TRAJ6*01,TRBV6-5*01,TRBJ2-2*01,DSAIYN,IPFWQRE,AVRPTSGGSYIPT,MNHEY,SVSVGM,ASSYVGNTGELF,abTCR,,,,,"stcrdab,tcr3d,atlas",,,,STCRDab,0.2558,1:0.2558,1,True,tumour,cancer/testis antigen NY-ESO-1,CL039,1,False
2F54,2.7,x_ray,2005-11-25,2006-04-25,5,A,hla_a,1.0,HLA-A*02:01,1.0,True,,,False,B,0.8365,C,SLLMWITQC,True,"CTAG2 protein, partial [Homo sapiens]",Homo sapiens (human),133777817,9,"D,K","E,L",abTCR,TRAV21,TRBV6-5,TRAV21*01,TRAJ6*01,TRBV6-5*01,TRBJ2-2*01,DSAIYN,IQSSQRE,AVRPTSGGSYIPT,MNHEY,SVGAGI,ASSYVGNTGELF,abTCR,,,,,"stcrdab,tcr3d,atlas",,,,STCRDab,0.237,1:0.2394;2:0.2347,2,False,tumour,cancer/testis antigen NY-ESO-1,CL007,4,True
2GJ6,2.56,x_ray,2006-03-30,2006-10-03,5,A,hla_a,1.0,HLA-A*02:01,1.0,True,,,False,B,0.8846,C,LLFGKPVYV,True,,,,9,D,E,abTCR,TRAV12-2,TRBV6-5,TRAV12-2*01,TRAJ24*02,TRBV6-5*01,TRBJ2-7*01,DRGSQS,IYSNGD,AVTTDSWGKLQ,MNHEY,SVGAGI,ASRPGLAGGRPEQY,abTCR,,,,,"stcrdab,tcr3d",,,,STCRDab,0.3027,1:0.3027,1,False,pathogen,A6-TCR/peptide/HLA-A2 structures (Tax epitope of HTLV-1),CL001,10,True
2NX5,2.7,x_ray,2006-11-16,2007-02-27,5,A,hla_b,1.0,HLA-B*35:01,0.9982,False,,,False,B,0.9082,C,EPLPQGQLTAY,True,BZLF1,Human herpesvirus 4 (Epstein Barr virus),AAA66529.1,11,"D,I,N,T","E,J,P,U",abTCR,TRAV1-2,TRBV10-3,TRAV1-2*01,TRAJ6*01,TRBV10-3*01,TRBJ1-5*01,TSGFNG,NVLDGL,AVQASGGSYIPT,ENHRY,SYGVKD,ATGTGDSNQPQH,abTCR,,,,,"stcrdab,tcr3d",,,,STCRDab,0.551,1:0.5698;2:0.5668;3:0.4903;4:0.5771,4,False,pathogen,organism is a pathogen,CL040,1,False
2P5E,1.89,x_ray,2007-03-15,2007-09-25,5,A,hla_a,1.0,HLA-A*02:01,0.9982,False,,,False,B,0.8638,C,SLLMWITQC,True,"CTAG2 protein, partial [Homo sapiens]",Homo sapiens (human),133777817,9,D,E,abTCR,TRAV21,TRBV6-5,TRAV21*01,TRAJ6*01,TRBV6-5*01,TRBJ2-2*01,DSAIYN,ITPWQRE,AVRPLLDGTYIPT,MNHEY,SVAIQT,ASSYLGNTGELF,abTCR,,,,,"stcrdab,tcr3d,atlas",,,,STCRDab,0.2835,1:0.2835,1,True,tumour,cancer/testis antigen NY-ESO-1,CL041,1,False
2P5W,2.2,x_ray,2007-03-16,2007-09-25,5,A,hla_a,1.0,HLA-A*02:01,0.9982,False,,,False,B,0.8638,C,SLLMWITQC,True,"CTAG2 protein, partial [Homo sapiens]",Homo sapiens (human),133777817,9,D,E,abTCR,TRAV21,TRBV6-5,TRAV21*01,TRAJ6*01,TRBV6-5*01,TRBJ2-2*01,DSAIYN,ITPWQRE,AVRPLLDGTYIPT,MNHEY,SVSVGM,ASSYLGNTGELF,abTCR,,,,,"stcrdab,tcr3d,atlas",,,,STCRDab,0.2882,1:0.2882,1,True,tumour,cancer/testis antigen NY-ESO-1,CL042,1,False
2PYE,2.3,x_ray,2007-05-16,2007-09-25,5,A,hla_a,1.0,HLA-A*02:01,0.9982,False,,,False,B,0.8638,C,SLLMWITQC,True,"CTAG2 protein, partial [Homo sapiens]",Homo sapiens (human),133777817,9,D,E,abTCR,TRAV21,TRBV6-5,TRAV21*01,TRAJ6*01,TRBV6-5*01,TRBJ2-2*01,DSAIYN,IQSSQRE,AVRPLLDGTYIPT,MNHEY,SVGAGT,ASSYLGNTGELF,abTCR,,,,,"stcrdab,tcr3d",,,,STCRDab,0.3419,1:0.3419,1,True,tumour,cancer/testis antigen NY-ESO-1,CL043,1,False
2VLJ,2.4,x_ray,2008-01-15,2008-01-22,5,A,hla_a,1.0,HLA-A*02:01,0.9982,False,,,False,B,0.8846,C,GILGFVFTL,True,membrane protein M1,Influenza A virus (A/turkey/Minnesota/833/1980(H4N2)) (Influenza A virus (A/turkey/MN/833/1980(H4N2))),AAA43349.1,9,D,E,abTCR,TRAV27,TRBV19,TRAV27*01,TRAJ42*01,TRBV19*01,TRBJ2-7*01,SVFSS,VVTGGEV,AGAGSQGNLI,LNHDA,SQIVND,ASSSRSSYEQY,abTCR,,,,,"stcrdab,tcr3d,atlas",,,,STCRDab,0.1966,1:0.1966,1,False,pathogen,organism is a pathogen,CL006,4,True
2VLK,2.5,x_ray,2008-01-15,2008-01-22,5,A,hla_a,1.0,HLA-A*02:01,0.9982,False,,,False,B,0.8846,C,GILGFVFTL,True,membrane protein M1,Influenza A virus (A/turkey/Minnesota/833/1980(H4N2)) (Influenza A virus (A/turkey/MN/833/1980(H4N2))),AAA43349.1,9,D,E,abTCR,TRAV27,TRBV19,TRAV27*01,TRAJ42*01,TRBV19*01,TRBJ2-7*01,SVFSS,VVTGGEV,AGAGSQGNLI,LNHDA,SQIVND,ASSSRSSYEQY,abTCR,,,,,"stcrdab,tcr3d",,,,STCRDab,0.2255,1:0.2255,1,False,pathogen,organism is a pathogen,CL006,4,True
2VLR,2.3,x_ray,2008-01-15,2008-01-22,5,A,hla_a,1.0,HLA-A*02:01,0.9982,False,,,False,B,0.8846,C,GILGFVFTL,True,membrane protein M1,Influenza A virus (A/turkey/Minnesota/833/1980(H4N2)) (Influenza A virus (A/turkey/MN/833/1980(H4N2))),AAA43349.1,9,"D,I","E,J",abTCR,TRAV27,TRBV19,TRAV27*01,TRAJ42*01,TRBV19*01,TRBJ2-7*01,SVFSS,VVTGGEV,AGAGSQGNLI,LNHDA,SQIVND,ASSSRASYEQY,abTCR,,,,,"stcrdab,tcr3d,atlas",,,,STCRDab,0.3858,1:0.3946;2:0.3769,2,False,pathogen,organism is a pathogen,CL044,1,False
2YPL,2.4,x_ray,2012-10-30,2012-11-28,5,A,hla_b,1.0,HLA-B*57:06,0.9945,False,,,False,B,0.9082,C,KAFSPEVIPMF,True,p24,Human immunodeficiency virus 1 (human immunodeficiency virus 1 HIV-1),AAB82828.1,11,D,E,abTCR,TRAV5,TRBV19,TRAV5*01,TRAJ13*01,TRBV19*01,TRBJ1-2*01,DSSSTY,IFSNMDM,AVSGGYQKVT,LNHDA,SQIVND,ASTGSYGYT,abTCR,,,,,"stcrdab,tcr3d",,,,STCRDab,0.3659,1:0.3659,1,False,pathogen,organism is a pathogen,CL045,1,False
3D39,2.81,x_ray,2008-05-09,2009-06-16,5,A,hla_a,1.0,HLA-A*02:01,1.0,True,,,False,B,0.8846,C,LLFGFPVYV,True,,,,9,D,E,abTCR,TRAV12-2,TRBV6-5,TRAV12-2*01,TRAJ24*02,TRBV6-5*01,TRBJ2-7*01,DRGSQS,IYSNGD,AVTTDSWGKLQ,MNHEY,SVGAGI,ASRPGLAGGRPEQY,abTCR,,,,,"stcrdab,tcr3d",,,,STCRDab,0.3192,1:0.3192,1,False,pathogen,A6-TCR/peptide/HLA-A2 structures (Tax epitope of HTLV-1),CL001,10,True
3D3V,2.8,x_ray,2008-05-12,2009-06-16,5,A,hla_a,1.0,HLA-A*02:01,1.0,True,,,False,B,0.8846,C,LLFGFPVYV,True,,,,9,D,E,abTCR,TRAV12-2,TRBV6-5,TRAV12-2*01,TRAJ24*02,TRBV6-5*01,TRBJ2-7*01,DRGSQS,IYSNGD,AVTTDSWGKLQ,MNHEY,SVGAGI,ASRPGLAGGRPEQY,abTCR,,,,,"stcrdab,tcr3d",,,,STCRDab,0.3498,1:0.3498,1,True,pathogen,A6-TCR/peptide/HLA-A2 structures (Tax epitope of HTLV-1),CL001,10,True
3DXA,3.5,x_ray,2008-07-23,2009-01-27,5,A,hla_b,1.0,HLA-B*44:05,0.9982,False,,,False,B,0.9082,C,EENLLDFVRF,True,nuclear antigen EBNA-6,Human herpesvirus 4 (Epstein Barr virus),AAB20975.1,10,"D,I,N","E,J,O",abTCR,TRAV26-1,TRBV7-9,TRAV26-1*02,TRAJ13*02,TRBV7-9*01,TRBJ2-1*01,TISGNEY,GLKNN,IVWGGYQKVT,SEHNR,FQNEAQ,ASRYRDDSYNEQF,abTCR,,,,,"stcrdab,tcr3d,atlas",,,,STCRDab,0.3975,1:0.3976;2:0.3989;3:0.3961,3,False,pathogen,organism is a pathogen,CL046,1,False
3FFC,2.8,x_ray,2008-12-03,2009-01-27,5,A,hla_b,1.0,HLA-B*08:01,0.9964,False,,,False,B,0.8846,C,FLRGRAYGL,True,"nuclear antigen EBNA-3, partial [human gammaherpesvirus 4]",Human herpesvirus 4 (Epstein Barr virus),AAB20986.1,9,"D,I","E,J",abTCR,TRAV14/DV4,TRBV11-2,TRAV14/DV4*01,TRDJ3*01,TRBV11-2*01,TRBJ2-3*01,TSDPSYG,QGSYDQGN,AMREDTGNQFY,SGHAT,FQNNGV,ASSFTWTSGGATDTQY,abTCR,,,,,"stcrdab,tcr3d,atlas",,,,STCRDab,0.4483,1:0.4492;2:0.4474,2,True,pathogen,organism is a pathogen,CL047,1,False
3GSN,2.8,x_ray,2009-03-27,2009-08-04,5,H,hla_a,1.0,HLA-A*02:01,0.9982,False,"tool approximate-matched rare HLA-A*02:614 (0.99817) over HLA-A*02:01 (0.99635); peptide NLVPMVATV=CMV pp65, canonical A*02:01 epitope. Curated per domain expert.",HLA-A*02:614,True,L,0.8846,P,NLVPMVATV,True,pp65,Human herpesvirus 5 (Human cytomegalovirus),AAA45994.1,9,A,B,abTCR,TRAV24,TRBV6-5,TRAV24*01,TRAJ49*01,TRBV6-5*01,TRBJ1-2*01,SSNFYA,MTLNGDE,ARNTGNQFY,MNHEY,SVGAGI,ASSPVTGGIYGYT,abTCR,,,,,"stcrdab,tcr3d,atlas",,,,STCRDab,0.3447,1:0.3447,1,False,pathogen,organism is a pathogen,CL048,1,False
3H9S,2.7,x_ray,2009-04-30,2010-01-12,5,A,hla_a,1.0,HLA-A*02:01,1.0,True,,,False,B,0.8846,C,MLWGYLQYV,True,telomer length regulation protein TEL1,Saccharomyces cerevisiae (baker's yeast),EDV12172.1,9,D,E,abTCR,TRAV12-2,TRBV6-5,TRAV12-2*01,TRAJ24*02,TRBV6-5*01,TRBJ2-7*01,DRGSQS,IYSNGD,AVTTDSWGKLQ,MNHEY,SVGAGI,ASRPGLAGGRPEQY,abTCR,,,,,"stcrdab,tcr3d,atlas",,,,STCRDab,0.3091,1:0.3091,1,False,pathogen,A6 recognizes both Tax (LLFGYPVYV) and Tel1p (MLWGYLQYV) peptides,CL001,10,True
3HG1,3.0,x_ray,2009-05-13,2009-07-28,5,A,hla_a,1.0,HLA-A*02:01,0.9982,False,,,False,B,0.8846,C,ELAGIGILTV,True,,,,10,D,E,abTCR,TRAV12-2,TRBV30,TRAV12-2*01,TRAJ27*01,TRBV30*02,TRBJ2-2*01,DRGSQS,IYSNGD,AVNVAGKST,GTSNPN,SVGIG,AWSETGLGTGELF,abTCR,,,,,"stcrdab,tcr3d,atlas",,,,STCRDab,0.3506,1:0.3506,1,False,tumour,Melan-A/MART-1 melanoma antigen ELA-modified decamer,CL003,5,True
3KPR,2.6,x_ray,2009-11-16,2009-12-22,5,A,hla_b,1.0,HLA-B*44:05,0.9982,False,,,False,B,0.9082,C,EEYLKAWTF,True,,,,9,"D,I","E,J",abTCR,TRAV26-2,TRBV7-8,TRAV26-2*01,TRAJ52*01,TRBV7-8*01,TRBJ2-7*01,TISGTDY,GLTSN,ILPLAGGTSYGKLT,SGHVS,FQNEAQ,ASSLGQAYEQY,abTCR,,,,,"stcrdab,tcr3d,atlas",,,,STCRDab,0.3975,1:0.3942;2:0.4008,2,False,alloreactive,T cell allorecognition via molecular mimicry (LC13 alloreacts with B44),CL009,3,True
3KPS,2.7,x_ray,2009-11-16,2009-12-22,5,A,hla_b,1.0,HLA-B*44:05,0.9982,False,,,False,B,0.9082,C,EEYLQAFTY,True,70kDa peroxisomal membrane protein,Homo sapiens (human),CAA41416.1,9,D,E,abTCR,TRAV26-2,TRBV7-8,TRAV26-2*01,TRAJ52*01,TRBV7-8*01,TRBJ2-7*01,TISGTDY,GLTSN,ILPLAGGTSYGKLT,SGHVS,FQNEAQ,ASSLGQAYEQY,abTCR,,,,,"stcrdab,tcr3d,atlas",,,,STCRDab,0.392,1:0.392,1,False,alloreactive,T cell allorecognition via molecular mimicry,CL009,3,True
3KXF,3.1,x_ray,2009-12-03,2010-06-09,5,A,hla_b,1.0,HLA-B*35:08,0.9873,False,,,False,B,0.9082,Q,LPEPLPQGQLTAY,True,BZLF1,Human herpesvirus 4 (Epstein Barr virus),AAA66529.1,13,"D,G,M,N","E,H,O,P",abTCR,TRAV19,TRBV6-1,TRAV19*01,TRAJ34*01,TRBV6-1*01,TRBJ2-7*01,TRDTTYY,RNSFDEQN,ALSGFYNTDKLI,MNHNS,SASEGT,ASPGLAGEYEQY,abTCR,,,,,"stcrdab,tcr3d,atlas",,,,STCRDab,0.5539,1:0.5437;2:0.5687;3:0.5401;4:0.5633,4,False,pathogen,organism is a pathogen,CL016,2,True
3MV7,2.0,x_ray,2010-05-03,2010-06-09,5,A,hla_b,1.0,HLA-B*35:01,0.9982,False,,,False,B,0.9082,C,HPVGEADYFEY,True,EBNA-1,Human herpesvirus 4 (Epstein Barr virus),AFY97913.1,11,D,E,abTCR,TRAV20,TRBV9,TRAV20*01,TRAJ18*01,TRBV9*01,TRBJ2-2*01,VSGLRG,LYSAGEE,AVQDLGTSGSRLT,SGDLS,YYNGEE,ASSARSGELF,abTCR,,,,,"stcrdab,tcr3d,atlas",,,,STCRDab,0.5218,1:0.5218,1,True,pathogen,organism is a pathogen,CL004,5,True
3MV8,2.1,x_ray,2010-05-03,2010-06-09,5,A,hla_b,1.0,HLA-B*35:01,0.9982,False,,,False,B,0.8846,C,HPVGEADYFEY,True,EBNA-1,Human herpesvirus 4 (Epstein Barr virus),AFY97913.1,11,D,E,abTCR,TRAV20,TRBV9,TRAV20*01,TRAJ18*01,TRBV9*02,TRBJ2-2*01,VSGLRG,LYSAGEE,AVQDLGTSGSRLT,SGDLS,YYNGEE,ASSARSGELF,abTCR,,,,,"stcrdab,tcr3d,atlas",,,,STCRDab,0.5146,1:0.5146,1,True,pathogen,organism is a pathogen,CL049,1,False
3MV9,2.7,x_ray,2010-05-03,2010-06-09,5,A,hla_b,1.0,HLA-B*35:01,0.9982,False,,,False,B,0.8846,C,HPVGEADYFEY,True,EBNA-1,Human herpesvirus 4 (Epstein Barr virus),AFY97913.1,11,D,E,abTCR,TRAV20,TRBV9,TRAV20*01,TRAJ18*01,TRBV9*01,TRBJ2-2*01,VSGLRG,LYSAGEE,AVQDLGTSGSRLT,SGDLS,YYNGEE,ASSARSGELF,abTCR,,,,,"stcrdab,tcr3d,atlas",,,,STCRDab,0.5653,1:0.5653,1,True,pathogen,organism is a pathogen,CL004,5,True
3O4L,2.54,x_ray,2010-07-27,2011-01-12,5,A,hla_a,1.0,HLA-A*02:01,0.9982,False,,,False,B,0.8638,C,GLCTLVAML,True,BMLF1 protein,Human herpesvirus 4 (Epstein Barr virus),CAD53409.1,9,D,E,abTCR,TRAV5,TRBV20-1,TRAV5*01,TRAJ31*01,TRBV20-1*01,TRBJ1-2*01,DSSSTY,IFSNMDM,AEDNNARLM,DFQATT,SNEGSKA,SARDGTGNGYT,abTCR,,,,,"stcrdab,tcr3d,atlas",,,,STCRDab,0.2894,1:0.2894,1,True,pathogen,organism is a pathogen,CL050,1,False
3PWP,2.69,x_ray,2010-12-08,2011-03-09,5,A,hla_a,1.0,HLA-A*02:01,1.0,True,,,False,B,0.8846,C,LGYGFVNYI,True,ELAV-like protein 4 (Paraneoplastic encephalomyelitis antigen HuD) (Hu-antigen D),Homo sapiens (human),P26378.1,9,D,E,abTCR,TRAV12-2,TRBV6-5,TRAV12-2*01,TRAJ24*02,TRBV6-5*01,TRBJ2-7*01,DRGSQS,IYSNGD,AVTTDSWGKLQ,MNHEY,SVGAGI,ASRPGLAGGRPEQY,abTCR,,,,,"stcrdab,tcr3d,atlas",,,,STCRDab,0.2731,1:0.2731,1,True,autoimmune,A6 recognizes self peptide from neuronal protein HuD; possible link with HTLV-1-associated myelopathy,CL001,10,True
3QDG,2.69,x_ray,2011-01-18,2011-07-06,5,A,hla_a,1.0,HLA-A*02:01,1.0,True,,,False,B,0.8846,C,ELAGIGILTV,True,,,,10,D,E,abTCR,TRAV12-2,TRBV6-4,TRAV12-2*01,TRAJ23*01,TRBV6-4*01,TRBJ1-1*01,DRGSQS,IYSNGD,AVNFGGGKLI,MRHNA,SNTAGT,ASSLSFGTEAF,abTCR,,,,,"stcrdab,tcr3d,atlas",,,,STCRDab,0.2975,1:0.2975,1,True,tumour,Melan-A/MART-1 melanoma antigen ELA-modified decamer,CL008,4,True
3QDJ,2.3,x_ray,2011-01-18,2011-07-06,5,A,hla_a,1.0,HLA-A*02:01,1.0,True,,,False,B,0.8846,C,AAGIGILTV,True,melanoma antigen recognized by T-cells 1,Homo sapiens (human),NP_005502.1,9,D,E,abTCR,TRAV12-2,TRBV6-4,TRAV12-2*01,TRAJ23*01,TRBV6-4*01,TRBJ1-1*01,DRGSQS,IYSNGD,AVNFGGGKLI,MRHNA,SNTAGT,ASSLSFGTEAF,abTCR,,,,,"stcrdab,tcr3d,atlas",,,,STCRDab,0.3,1:0.3,1,True,tumour,known tumour antigen (melanoma antigen recognized by t-cells 1),CL008,4,True
3QDM,2.8,x_ray,2011-01-18,2011-07-06,5,A,hla_a,1.0,HLA-A*02:01,1.0,True,,,False,B,0.8846,C,ELAGIGILTV,True,,,,10,D,E,abTCR,TRAV35,TRBV10-3,TRAV35*01,TRAJ49*01,TRBV10-3*01,TRBJ1-5*01,SIFNT,LYKAGEL,AGGTGNQFY,ENHRY,SYGVKD,AISEVGVGQPQH,abTCR,,,,,"stcrdab,tcr3d,atlas",,,,STCRDab,0.2755,1:0.2755,1,True,tumour,Melan-A/MART-1 melanoma antigen ELA-modified decamer,CL017,2,True
3QEQ,2.59,x_ray,2011-01-20,2011-07-06,5,A,hla_a,1.0,HLA-A*02:01,1.0,True,,,False,B,0.8846,C,AAGIGILTV,True,melanoma antigen recognized by T-cells 1,Homo sapiens (human),NP_005502.1,9,D,E,abTCR,TRAV35,TRBV10-3,TRAV35*01,TRAJ49*01,TRBV10-3*01,TRBJ1-5*01,SIFNT,LYKAGEL,AGGTGNQFY,ENHRY,SYGVKD,AISEVGVGQPQH,abTCR,,,,,"stcrdab,tcr3d,atlas",,,,STCRDab,0.3609,1:0.3609,1,False,tumour,known tumour antigen (melanoma antigen recognized by t-cells 1),CL017,2,True
3QFJ,2.29,x_ray,2011-01-21,2012-01-11,5,A,hla_a,1.0,HLA-A*02:01,1.0,True,,,False,B,0.8846,C,LLFGFPVYV,True,,,,9,D,E,abTCR,TRAV12-2,TRBV6-5,TRAV12-2*01,TRAJ24*02,TRBV6-5*01,TRBJ2-7*01,DRGSQS,IYSNGD,AVTTDSWGKLQ,MNHEY,SVGAGI,ASRPGLAGGRPEQY,abTCR,,,,,"stcrdab,tcr3d,atlas",,,,STCRDab,0.3216,1:0.3216,1,False,pathogen,A6-TCR/peptide/HLA-A2 structures (Tax epitope of HTLV-1),CL001,10,True
3SJV,3.1,x_ray,2011-06-22,2012-02-29,5,A,hla_b,1.0,HLA-B*08:01,0.9964,False,,,False,B,0.8846,C,FLRGRAYGL,True,"nuclear antigen EBNA-3, partial [human gammaherpesvirus 4]",Human herpesvirus 4 (Epstein Barr virus),AAB20986.1,9,"D,I,N,S","E,J,O,T",abTCR,TRAV12-1,TRBV6-3,TRAV12-1*01,TRAJ23*01,TRBV6-2*01,TRBJ2-4*01,NSASQS,VYSSG,VVRAGKLI,MNHEY,SVGEGT,ASGQGNFDIQY,abTCR,,,,,"stcrdab,tcr3d",,,,STCRDab,0.5819,1:0.5331;2:0.6264;3:0.6132;4:0.555,4,False,pathogen,organism is a pathogen,CL051,1,False
3UTS,2.712,x_ray,2011-11-26,2012-01-25,5,A,hla_a,1.0,HLA-A*02:01,0.9982,False,,,False,B,0.8846,C,ALWGPDPAAA,True,insulin [Homo sapiens],Homo sapiens (human),114318995,10,"D,I","E,J",abTCR,TRAV12-3,TRBV12-4,TRAV12-3*01,TRAJ12*01,TRBV12-4*01,TRBJ2-4*01,NSAFQY,TYSSGN,AMRGDSSYKLI,SGHDY,FNNNVP,ASSLWEKLAKNIQY,abTCR,,,,,"stcrdab,tcr3d",,,,STCRDab,0.3081,1:0.3089;2:0.3073,2,False,autoimmune,known autoimmune self-antigen (insulin [homo sapiens]),CL002,9,True
3UTT,2.6,x_ray,2011-11-26,2012-01-25,5,A,hla_a,1.0,HLA-A*02:01,1.0,True,,,False,B,0.8846,C,ALWGPDPAAA,True,insulin [Homo sapiens],Homo sapiens (human),114318995,10,"D,I","E,J",abTCR,TRAV12-3,TRBV12-4,TRAV12-3*01,TRAJ12*01,TRBV12-4*01,TRBJ2-4*01,NSAFQY,TYSSGN,AMRGDSSYKLI,SGHDY,FNNNVP,ASSLWEKLAKNIQY,abTCR,,,,,"stcrdab,tcr3d,atlas",,,,STCRDab,0.6421,1:0.6465;2:0.6377,2,True,autoimmune,known autoimmune self-antigen (insulin [homo sapiens]),CL002,9,True
3VXM,2.5,x_ray,2012-09-20,2013-10-23,5,A,hla_a,1.0,HLA-A*24:02,0.9982,False,,,False,B,0.8846,C,RFPLTFGWCF,True,nef protein [Human immunodeficiency virus 1],Human immunodeficiency virus 1 (human immunodeficiency virus 1 HIV-1),AAW68185.1,10,D,E,abTCR,TRAV8-3,TRBV4-1,TRAV8-3*01,TRAJ28*01,TRBV4-1*01,TRBJ2-7*01,YGATPY,YFSGDTLV,AVGAPSGAGSYQLT,MGHRA,YSYEKL,ASSPTSGIYEQY,abTCR,,,,,"stcrdab,tcr3d,atlas",,,,STCRDab,0.2955,1:0.2955,1,False,pathogen,organism is a pathogen,CL052,1,False
3VXR,2.4,x_ray,2012-09-20,2013-10-23,5,A,hla_a,1.0,HLA-A*24:02,0.9982,False,,,False,B,0.8846,C,RYPLTFGWCF,True,nef protein,Human immunodeficiency virus 1 (human immunodeficiency virus 1 HIV-1),AAN73842.1,10,D,E,abTCR,TRAV21,TRBV7-9,TRAV21*01,TRAJ12*01,TRBV7-9*01,TRBJ2-2*01,DSAIYN,IQSSQRE,AVRMDSSYKLI,SEHNR,FQNEAQ,ASSSWDTGELF,abTCR,,,,,"stcrdab,tcr3d,atlas",,,,STCRDab,0.3004,1:0.3004,1,False,pathogen,organism is a pathogen,CL018,2,True
3VXS,1.8,x_ray,2012-09-20,2013-10-23,5,A,hla_a,1.0,HLA-A*24:02,0.9982,False,,,False,B,0.8846,C,RYPLTLGWCF,True,Protein Nef,Human immunodeficiency virus 1 (human immunodeficiency virus 1 HIV-1),Q9WPU2.1,10,D,E,abTCR,TRAV21,TRBV7-9,TRAV21*01,TRAJ12*01,TRBV7-9*01,TRBJ2-2*01,DSAIYN,IQSSQRE,AVRMDSSYKLI,SEHNR,FQNEAQ,ASSSWDTGELF,abTCR,,,,,"stcrdab,tcr3d,atlas",,,,STCRDab,0.251,1:0.251,1,False,pathogen,organism is a pathogen,CL018,2,True
3VXU,2.7,x_ray,2012-09-20,2013-10-23,5,A,hla_a,1.0,HLA-A*24:02,0.9982,False,,,False,B,0.8846,C,RFPLTFGWCF,True,nef protein [Human immunodeficiency virus 1],Human immunodeficiency virus 1 (human immunodeficiency virus 1 HIV-1),AAW68185.1,10,"D,I","E,J",abTCR,TRAV12-2,TRBV27,TRAV12-2*01,TRAJ23*01,TRBV27*01,TRBJ2-7*01,DRGSQS,IYSNGD,GTYNQGGKLI,MNHEY,SMNVEV,ASSGASHEQY,abTCR,,,,,"stcrdab,tcr3d,atlas",,,,STCRDab,0.3308,1:0.3306;2:0.3311,2,False,pathogen,organism is a pathogen,CL019,2,True
3W0W,2.603,x_ray,2012-11-05,2013-11-06,5,A,hla_a,1.0,HLA-A*24:02,0.9717,False,,,False,B,0.8846,C,RFPLTFGWCF,True,nef protein [Human immunodeficiency virus 1],Human immunodeficiency virus 1 (human immunodeficiency virus 1 HIV-1),AAW68185.1,10,D,E,abTCR,TRAV12-2,TRBV27,TRAV12-2*01,TRAJ23*01,TRBV27*01,TRBJ2-7*01,DRGSQS,IYSNGD,GTYNQGGKLI,MNHEY,SMNVEV,ASSGASHEQY,abTCR,,,,,"stcrdab,tcr3d",,,,STCRDab,0.3236,1:0.3236,1,False,pathogen,organism is a pathogen,CL019,2,True
4EUP,2.88,x_ray,2012-04-25,2013-05-01,5,D,hla_a,1.0,HLA-A*02:01,1.0,True,,,False,E,0.8846,F,ALGIGILTV,True,,,,9,"G,I","H,J",abTCR,TRAV12-2,TRBV28,TRAV12-2*01,TRAJ24*02,TRBV28*01,TRBJ2-7*01,DRGSQS,IYSNGD,AVSGGGADGLT,MDHEN,SYDVKM,ASSFLGTGVEQY,abTCR,,,,,"stcrdab,tcr3d",,,,STCRDab,0.3486,1:0.3459;2:0.3513,2,False,tumour,Melan-A/MART-1 melanoma antigen ELA-modified decamer,CL053,1,False
4FTV,2.74,x_ray,2012-06-28,2013-07-03,5,A,hla_a,1.0,HLA-A*02:01,1.0,True,,,False,B,0.8846,C,LLFGYPVYV,True,transcriptional activator Tax,Human T-cell leukemia virus type I (Human T cell leukemia virus type 1),AAG31572.1,9,D,E,abTCR,TRAV12-2,TRBV6-5,TRAV12-2*01,TRAJ24*02,TRBV6-5*01,TRBJ2-7*01,DRGSQS,IYSNGD,AVTTDSWGKLQ,MNHEY,SVGAGI,ASRPGLMSAQPEQY,abTCR,,,,,"stcrdab,tcr3d,atlas",,,,STCRDab,0.3057,1:0.3057,1,True,pathogen,organism is a pathogen,CL020,2,True
4G8G,2.4,x_ray,2012-07-23,2013-03-20,5,A,hla_b,1.0,HLA-B*27:05,0.9982,False,,,False,B,0.8846,C,KRWIILGLNK,True,gag protein,Human immunodeficiency virus 1 (human immunodeficiency virus 1 HIV-1),AAX81417.1,10,D,E,abTCR,TRAV14/DV4,TRBV6-5,TRAV14/DV4*02,TRDJ3*01,TRBV6-5*01,TRBJ1-1*01,TSDQSYG,QGSYDEQN,AMRDLRDNFNKFY,MNHEY,SVGAGI,ASREGLGGTEAF,abTCR,,,,,"stcrdab,tcr3d,atlas",,,,STCRDab,0.3726,1:0.3726,1,True,pathogen,organism is a pathogen,CL021,2,True
4G9F,1.9,x_ray,2012-07-23,2013-03-20,5,A,hla_b,1.0,HLA-B*27:05,0.9982,False,,,False,B,0.8846,C,KRWIIMGLNK,True,"gag protein, partial [Human immunodeficiency virus 1]",Human immunodeficiency virus 1 (human immunodeficiency virus 1 HIV-1),ABO16493.1,10,D,E,abTCR,TRAV14/DV4,TRBV6-5,TRAV14/DV4*02,TRDJ3*01,TRBV6-5*01,TRBJ1-1*01,TSDQSYG,QGSYDEQN,AMRDLRDNFNKFY,MNHEY,SVGAGI,ASREGLGGTEAF,abTCR,,,,,"stcrdab,tcr3d,atlas",,,,STCRDab,0.325,1:0.325,1,True,pathogen,organism is a pathogen,CL021,2,True
4JFD,2.46,x_ray,2013-02-28,2013-05-29,5,A,hla_a,1.0,HLA-A*02:01,0.9982,False,,,False,B,0.8846,C,ELAAIGILTV,True,,,,10,D,E,abTCR,TRAV12-2,TRBV30,TRAV12-2*01,TRAJ27*01,TRBV30*02,TRBJ2-2*01,FLGSQS,TYREGD,AVNDGGRLT,GTSNPN,WGPFG,AWSETGLGMGGWQ,abTCR,,,,,"stcrdab,tcr3d,atlas",,,,STCRDab,0.3263,1:0.3263,1,False,tumour,Melan-A/MART-1 melanoma antigen ELA-modified decamer,CL005,5,True
4JFE,2.7,x_ray,2013-02-28,2013-05-29,5,A,hla_a,1.0,HLA-A*02:01,0.9982,False,,,False,B,0.8846,C,ELAGIGALTV,True,,,,10,D,E,abTCR,TRAV12-2,TRBV30,TRAV12-2*01,TRAJ27*01,TRBV30*02,TRBJ2-2*01,FLGSQS,TYREGD,AVNDGGRLT,GTSNPN,WGPFG,AWSETGLGMGGWQ,abTCR,,,,,"stcrdab,tcr3d,atlas",,,,STCRDab,0.3347,1:0.3347,1,True,tumour,Melan-A/MART-1 melanoma antigen ELA-modified decamer,CL005,5,True
4JFF,2.43,x_ray,2013-02-28,2013-05-29,5,A,hla_a,1.0,HLA-A*02:01,0.9982,False,,,False,B,0.8846,C,ELAGIGILTV,True,,,,10,D,E,abTCR,TRAV12-2,TRBV30,TRAV12-2*01,TRAJ27*01,TRBV30*02,TRBJ2-2*01,FLGSQS,TYREGD,AVNDGGRLT,GTSNPN,WGPFG,AWSETGLGMGGWQ,abTCR,,,,,"stcrdab,tcr3d,atlas",,,,STCRDab,0.2952,1:0.2952,1,True,tumour,Melan-A/MART-1 melanoma antigen ELA-modified decamer,CL005,5,True
4JRX,2.3,x_ray,2013-03-22,2013-04-10,5,A,hla_b,1.0,HLA-B*35:08,0.9982,False,,,False,B,0.9082,C,LPEPLPQGQLTAY,True,BZLF1,Human herpesvirus 4 (Epstein Barr virus),AAA66529.1,13,D,E,abTCR,TRAV19,TRBV6-1,TRAV19*01,TRAJ34*01,TRBV6-1*01,TRBJ1-1*01,TRDTTYY,RNSFDEQN,ALSGFYNTDKLI,MNHNS,SASEGT,ASPGETEAF,abTCR,,,,,"stcrdab,tcr3d",,,,STCRDab,0.5132,1:0.5132,1,True,pathogen,organism is a pathogen,CL054,1,False
4JRY,2.8,x_ray,2013-03-22,2013-04-10,5,A,hla_b,1.0,HLA-B*35:08,0.9982,False,,,False,B,0.8846,C,LPEPLPQGQLTAY,True,BZLF1,Human herpesvirus 4 (Epstein Barr virus),AAA66529.1,13,D,E,abTCR,TRAV39,TRBV5-6,TRAV39*01,TRAJ33*01,TRBV5-6*01,TRBJ2-7*01,TTSDR,LLSNGAV,AVGGGSNYQLI,SGHDT,YYEEEE,ASSRTGSTYEQY,abTCR,,,,,"stcrdab,tcr3d,atlas",,,,STCRDab,0.5262,1:0.5262,1,False,pathogen,organism is a pathogen,CL055,1,False
4L3E,2.557,x_ray,2013-06-05,2014-06-11,5,A,hla_a,1.0,HLA-A*02:01,1.0,True,,,False,B,0.8846,C,ELAGIGILTV,True,,,,10,D,E,abTCR,TRAV12-2,TRBV6-4,TRAV12-2*01,TRAJ23*01,TRBV6-4*01,TRBJ1-1*01,YRGSQS,IYSNGD,AVNFGGGKLI,MRHNA,SNTAGT,ASSWSFGTEAF,abTCR,,,,,"stcrdab,tcr3d,atlas",,,,STCRDab,0.3284,1:0.3284,1,False,tumour,Melan-A/MART-1 melanoma antigen ELA-modified decamer,CL022,2,True
4MJI,2.99,x_ray,2013-09-03,2014-05-28,5,A,hla_b,1.0,HLA-B*51:01,0.9982,False,,,False,B,0.9082,C,TAFTIPSI,True,pol protein,Human immunodeficiency virus 1 (human immunodeficiency virus 1 HIV-1),AAW57763.1,8,"D,I","E,J",abTCR,TRAV17,TRBV7-3,TRAV17*01,TRAJ22*01,TRBV7-3*01,TRBJ2-2*01,TSINN,IRSNERE,ATDDDSARQLT,SGHTA,FQGTGA,ASSLTGGGELF,abTCR,,,,,"stcrdab,tcr3d,atlas",,,,STCRDab,0.5413,1:0.537;2:0.5456,2,False,pathogen,organism is a pathogen,CL056,1,False
4PRH,2.5,x_ray,2014-03-05,2014-04-30,5,A,hla_b,1.0,HLA-B*35:08,0.9945,False,,,False,B,0.8737,C,HPVGDADYFEY,True,Epstein-Barr nuclear antigen 1,Human herpesvirus 4 (Epstein Barr virus),Q3KSS4.1,11,,,,TRAV20,TRBV9,TRAV20*01,TRAJ18*01,TRBV9*01,TRBJ2-2*01,VSGLRG,LYSAGEE,AVQDLGTSGSRLT,SGDLS,YYNGEE,ASSARSGELF,abTCR,,,,,"tcr3d,atlas",,,,PDBe API (backfill),0.5446,1:0.5446,1,True,pathogen,organism is a pathogen,CL004,5,True
4PRI,2.4,x_ray,2014-03-05,2014-04-16,5,A,hla_b,1.0,HLA-B*35:08,0.9982,False,,,False,B,0.9082,C,HPVGEADYFEY,True,EBNA-1,Human herpesvirus 4 (Epstein Barr virus),AFY97913.1,11,D,E,abTCR,TRAV20,TRBV9,TRAV20*01,TRAJ18*01,TRBV9*01,TRBJ2-2*01,VSGLRG,LYSAGEE,AVQDLGTSGSRLT,SGDLS,YYNGEE,ASSARSGELF,abTCR,,,,,"stcrdab,tcr3d,atlas",,,,STCRDab,0.5209,1:0.5209,1,True,pathogen,organism is a pathogen,CL004,5,True
4PRP,2.5,x_ray,2014-03-06,2014-04-16,5,A,hla_b,1.0,HLA-B*35:01,0.9982,False,,,False,B,0.9082,C,HPVGQADYFEY,True,nuclear antigen EBNA1,Human herpesvirus 4 (Epstein Barr virus),AAB34152.1,11,D,E,abTCR,TRAV20,TRBV9,TRAV20*01,TRAJ18*01,TRBV9*01,TRBJ2-2*01,VSGLRG,LYSAGEE,AVQDLGTSGSRLT,SGDLS,YYNGEE,ASSARSGELF,abTCR,,,,,"stcrdab,tcr3d,atlas",,,,STCRDab,0.5185,1:0.5185,1,True,pathogen,organism is a pathogen,CL004,5,True
4QOK,3.0,x_ray,2014-06-20,2014-12-17,5,A,hla_a,1.0,HLA-A*02:01,0.9982,False,,,False,B,0.8846,C,EAAGIGILTV,True,melanoma antigen recognized by T-cells 1,Homo sapiens (human),NP_005502.1,10,D,E,abTCR,TRAV12-2,TRBV30,TRAV12-2*01,TRAJ27*01,TRBV30*02,TRBJ2-2*01,DRGSQS,IYSNGD,AVNVAGKST,GTSNPN,SVGIG,AWSETGLGTGELF,abTCR,,,,,"stcrdab,tcr3d,atlas",,,,STCRDab,0.2856,1:0.2856,1,True,tumour,known tumour antigen (melanoma antigen recognized by t-cells 1),CL003,5,True
4QRP,2.9,x_ray,2014-07-02,2014-11-12,12,A-2,hla_b,1.0,HLA-B*08:01,0.9982,False,,,False,B-2,0.8846,C-2,HSKKKCDEL,True,HCV-1,Hepatitis C virus,AAA45676.1,9,"D,J","E,I",abTCR,TRAV9-2,TRBV11-2,TRAV9-2*02,TRAJ43*01,TRBV11-2*01,TRBJ1-5*01,ATGYPS,ATKADDK,ALSDPVNDMR,SGHAT,FQNNGV,ASSLRGRGDQPQH,abTCR,,,,,"stcrdab,tcr3d,atlas",,,,STCRDab,0.4193,1:0.4012;2:0.4374,2,False,pathogen,organism is a pathogen,CL057,1,False
5BRZ,2.62,x_ray,2015-06-01,2016-03-02,5,A,hla_a,1.0,HLA-A*01:01,0.9982,False,,,False,B,0.8846,C,EVDPIGHLY,True,melanoma-associated antigen 3 [Homo sapiens],Homo sapiens (human),4885467,9,D,E,abTCR,TRAV21,TRBV5-1,TRAV21*01,TRAJ28*01,TRBV5-1*01,TRBJ2-7*01,DSAIYN,VRPYQRE,AVRPGGAGPFFVV,SGHRS,YFSETQ,ASSFNMATGQY,abTCR,,,,,"stcrdab,tcr3d",,,,STCRDab,0.423,1:0.423,1,False,tumour,MAGE-A3 specific TCR-engineered T-cells,CL023,2,True
5BS0,2.4,x_ray,2015-06-01,2016-03-02,5,A,hla_a,1.0,HLA-A*01:01,0.9982,False,,,False,B,0.8846,C,ESDPIVAQY,True,titin [Homo sapiens],Homo sapiens (human),ACN81321.1,9,D,E,abTCR,TRAV21,TRBV5-1,TRAV21*01,TRAJ28*01,TRBV5-1*01,TRBJ2-7*01,DSAIYN,VRPYQRE,AVRPGGAGPFFVV,SGHRS,YFSETQ,ASSFNMATGQY,abTCR,,,,,"stcrdab,tcr3d,atlas",,,,STCRDab,0.3227,1:0.3227,1,False,tumour,"Cardiac titin self-peptide (ESDPIVAQY); the MAGE-A3 cancer TCR's off-target — presented antigen is a self-protein, not itself tumour/autoimmune/pathogen",CL023,2,True
5C07,2.11,x_ray,2015-06-12,2016-05-04,5,A,hla_a,1.0,HLA-A*02:01,0.9964,False,,,False,B,0.8846,C,YQFGPDFPIA,True,,,,10,"D,I","E,J",abTCR,TRAV12-3,TRBV12-4,TRAV12-3*01,TRAJ12*01,TRBV12-4*01,TRBJ2-4*01,NSAFQY,TYSSGN,AMRGDSSYKLI,SGHDY,FNNNVP,ASSLWEKLAKNIQY,abTCR,,,,,"stcrdab,tcr3d,atlas",,,,STCRDab,0.2756,1:0.2845;2:0.2667,2,True,autoimmune,preproinsulin-reactive 1E6 T cell clone (type 1 diabetes),CL002,9,True
5C08,2.332,x_ray,2015-06-12,2016-05-04,5,A,hla_a,1.0,HLA-A*02:01,0.9982,False,,,False,B,0.8846,C,RQWGPDPAAV,True,,,,10,"D,I","E,J",abTCR,TRAV12-3,TRBV12-4,TRAV12-3*01,TRAJ12*01,TRBV12-4*01,TRBJ2-4*01,NSAFQY,TYSSGN,AMRGDSSYKLI,SGHDY,FNNNVP,ASSLWEKLAKNIQY,abTCR,,,,,"stcrdab,tcr3d,atlas",,,,STCRDab,0.2899,1:0.2876;2:0.2922,2,False,autoimmune,preproinsulin-reactive 1E6 T cell clone (type 1 diabetes),CL002,9,True
5C09,2.475,x_ray,2015-06-12,2016-05-04,5,A,hla_a,1.0,HLA-A*02:01,0.9982,False,,,False,B,0.8846,C,YLGGPDFPTI,True,,,,10,"D,I","E,J",abTCR,TRAV12-3,TRBV12-4,TRAV12-3*01,TRAJ12*01,TRBV12-4*01,TRBJ2-4*01,NSAFQY,TYSSGN,AMRGDSSYKLI,SGHDY,FNNNVP,ASSLWEKLAKNIQY,abTCR,,,,,"stcrdab,tcr3d,atlas",,,,STCRDab,0.269,1:0.2653;2:0.2726,2,False,autoimmune,preproinsulin-reactive 1E6 T cell clone (type 1 diabetes),CL002,9,True
5C0A,2.46,x_ray,2015-06-12,2016-05-04,5,A,hla_a,1.0,HLA-A*02:01,0.9982,False,,,False,B,0.8846,C,MVWGPDPLYV,True,DUF5119 domain-containing protein,Bacteroides fragilis,WP_011203743.1,10,"D,I","E,J",abTCR,TRAV12-3,TRBV12-4,TRAV12-3*01,TRAJ12*01,TRBV12-4*01,TRBJ2-4*01,NSAFQY,TYSSGN,AMRGDSSYKLI,SGHDY,FNNNVP,ASSLWEKLAKNIQY,abTCR,,,,,"stcrdab,tcr3d,atlas",,,,STCRDab,0.2802,1:0.2742;2:0.2862,2,False,pathogen,organism is a pathogen,CL002,9,True
5C0B,2.03,x_ray,2015-06-12,2016-05-04,5,A,hla_a,1.0,HLA-A*02:01,1.0,True,,,False,B,0.8846,C,RQFGPDFPTI,True,,,,10,"D,I","E,J",abTCR,TRAV12-3,TRBV12-4,TRAV12-3*01,TRAJ12*01,TRBV12-4*01,TRBJ2-4*01,NSAFQY,TYSSGN,AMRGDSSYKLI,SGHDY,FNNNVP,ASSLWEKLAKNIQY,abTCR,,,,,"stcrdab,tcr3d,atlas",,,,STCRDab,0.2937,1:0.3035;2:0.284,2,False,autoimmune,preproinsulin-reactive 1E6 T cell clone (type 1 diabetes),CL002,9,True
5C0C,1.974,x_ray,2015-06-12,2016-05-04,5,A,hla_a,1.0,HLA-A*02:01,0.9964,False,,,False,B,0.8846,C,RQFGPDWIVA,True,butanol dehydrogenase,Enterocloster asparagiformis,WP_040412122.1,10,"D,I","E,J",abTCR,TRAV12-3,TRBV12-4,TRAV12-3*01,TRAJ12*01,TRBV12-4*01,TRBJ2-4*01,NSAFQY,TYSSGN,AMRGDSSYKLI,SGHDY,FNNNVP,ASSLWEKLAKNIQY,abTCR,,,,,"stcrdab,tcr3d,atlas",,,,STCRDab,0.3443,1:0.3596;2:0.3289,2,False,pathogen,organism is a pathogen,CL002,9,True
5D2L,3.511,x_ray,2015-08-05,2015-10-07,5,A,hla_a,1.0,HLA-A*02:01,0.9982,False,,,False,B,0.8846,Q,NLVPMVATV,True,pp65,Human herpesvirus 5 (Human cytomegalovirus),AAA45994.1,9,"E,I,K,O","F,J,L,P",abTCR,TRAV24,TRBV7-2,TRAV24*01,TRAJ49*01,TRBV7-2*02,TRBJ2-5*01,SSNFYA,MTLNGDE,AFITGNQFY,SGHTA,FQGNSA,ASSQTQLWETQY,abTCR,,,,,"stcrdab,tcr3d,atlas",,,,STCRDab,0.5073,1:0.4499;2:0.5379;3:0.4576;4:0.5837,4,False,pathogen,organism is a pathogen,CL058,1,False
5D2N,2.099,x_ray,2015-08-05,2015-10-07,5,H,hla_a,1.0,HLA-A*02:01,0.9982,False,,,False,L,0.8846,G,NLVPMVATV,True,pp65,Human herpesvirus 5 (Human cytomegalovirus),AAA45994.1,9,"C,D","E,F",abTCR,TRAV26-2,TRBV7-6,TRAV26-2*01,TRAJ43*01,TRBV7-6*01,TRBJ1-4*01,TISGTDY,GLTSN,ILDNNNDMR,SGHVS,FNYEAQ,ASSLAPGTTNEKLF,abTCR,,,,,"stcrdab,tcr3d,atlas",,,,STCRDab,0.248,1:0.2435;2:0.2524,2,False,pathogen,organism is a pathogen,CL059,1,False
5E6I,4.0,x_ray,2015-10-09,2016-10-19,5,I,hla_a,1.0,HLA-A*02:01,0.9982,False,,,False,J,0.8846,K,GILGFVFTL,True,membrane protein M1,Influenza A virus (A/turkey/Minnesota/833/1980(H4N2)) (Influenza A virus (A/turkey/MN/833/1980(H4N2))),AAA43349.1,9,"A,F,G,P","B,H,L,Q",abTCR,TRAV35,TRBV27,TRAV35*01,TRAJ37*01,TRBV27*01,TRBJ2-2*01,SIFNT,LYKAGEL,AGPGGSSNTGKLI,MNHEY,SMNVEV,ASSLIYPGELF,abTCR,,,,,"stcrdab,tcr3d",,,,STCRDab,0.6313,1:0.6053;2:0.6514;3:0.6324;4:0.6361,4,False,pathogen,organism is a pathogen,CL060,1,False
5E9D,2.51,x_ray,2015-10-15,2016-06-08,5,A,hla_a,1.0,HLA-A*02:01,1.0,True,,,False,B,0.8846,C,ELAGIGILTV,True,,,,10,"D,I","E,J",abTCR,TRAV12-2,TRBV6-5,TRAV12-2*01,TRAJ24*02,TRBV6-5*01,TRBJ2-7*01,DRGSTS,IYSNGD,AVTKYSWGKLQ,MNHEY,SVGVGI,ASRPGWMAGGVELY,abTCR,,,,,"stcrdab,tcr3d,atlas",,,,STCRDab,0.3256,1:0.3382;2:0.3131,2,False,tumour,Melan-A/MART-1 melanoma antigen ELA-modified decamer,CL061,1,False
5EU6,2.02,x_ray,2015-11-18,2016-03-02,5,A,hla_a,1.0,HLA-A*02:01,0.9982,False,,,False,B,0.8846,C,YLEPGPVTV,True,,,,9,D,E,abTCR,TRAV21,TRBV7-3,TRAV21*01,TRAJ53*01,TRBV7-3*01,TRBJ2-3*01,DSAIYN,IQSSQRE,AVLSSGGSNYKLT,SGHTA,FQGTGA,ASSFIGGTDTQY,abTCR,,,,,"stcrdab,tcr3d,atlas",,,,STCRDab,0.2128,1:0.2128,1,True,tumour,gp100/PMEL melanocyte differentiation antigen,CL062,1,False
5EUO,2.1,x_ray,2015-11-18,2016-11-23,5,A,hla_a,1.0,HLA-A*02:01,0.9982,False,,,False,B,0.8846,J,GILGFVFTL,True,membrane protein M1,Influenza A virus (A/turkey/Minnesota/833/1980(H4N2)) (Influenza A virus (A/turkey/MN/833/1980(H4N2))),AAA43349.1,9,"E,G","F,H",abTCR,TRAV27,TRBV19,TRAV27*01,TRAJ42*01,TRBV19*01,TRBJ2-7*01,SVFSS,VVTGGEV,AGAIGPSNTGKLI,LNHDA,SQIVND,ASSIRSSYEQY,abTCR,,,,,"stcrdab,tcr3d",,,,STCRDab,0.2033,1:0.2145;2:0.1921,2,False,pathogen,organism is a pathogen,CL063,1,False
5HHM,2.5,x_ray,2016-01-11,2016-03-23,5,A,hla_a,1.0,HLA-A*02:01,0.9982,False,,,False,B,0.8846,C,GILGLVFTL,True,matrix protein 1,Influenza A virus (A/Canterbury/236/2005(H3N2)),ABC84521.1,9,"D,I","E,J",abTCR,TRAV27,TRBV19,TRAV27*01,TRAJ42*01,TRBV19*01,TRBJ2-7*01,SVFSS,VVTGGEV,AGAGSQGNLI,LNHDA,SQIVND,ASSSRSSYEQY,abTCR,,,,,"stcrdab,tcr3d,atlas",,,,STCRDab,0.2333,1:0.2338;2:0.2328,2,True,pathogen,organism is a pathogen,CL006,4,True
5HHO,2.95,x_ray,2016-01-11,2016-03-23,5,A,hla_a,1.0,HLA-A*02:01,0.9982,False,,,False,B,0.8846,C,GILEFVFTL,True,matrix protein 1,Influenza A virus (A/chicken/Anhui/1/1998(H9N2)) (Influenza A virus (A/Chicken/Anhui/1/98(H9N2))),ACN59839.1,9,D,E,abTCR,TRAV27,TRBV19,TRAV27*01,TRAJ42*01,TRBV19*01,TRBJ2-7*01,SVFSS,VVTGGEV,AGAGSQGNLI,LNHDA,SQIVND,ASSIRSSYEQY,abTCR,,,,,"stcrdab,tcr3d,atlas",,,,STCRDab,0.2778,1:0.2778,1,True,pathogen,organism is a pathogen,CL064,1,False
5HYJ,3.06,x_ray,2016-02-01,2016-05-04,5,A,hla_a,1.0,HLA-A*02:01,0.9982,False,,,False,B,0.8846,C,AQWGPDPAAA,True,,,,10,"D,I","E,J",abTCR,TRAV12-3,TRBV12-4,TRAV12-3*01,TRAJ12*01,TRBV12-4*01,TRBJ2-4*01,NSAFQY,TYSSGN,AMRGDSSYKLI,SGHDY,FNNNVP,ASSLWEKLAKNIQY,abTCR,,,,,"stcrdab,tcr3d,atlas",,,,STCRDab,0.3728,1:0.3617;2:0.3838,2,False,autoimmune,preproinsulin-reactive 1E6 T cell clone (type 1 diabetes),CL002,9,True
5ISZ,2.06,x_ray,2016-03-15,2017-03-01,5,A,hla_a,1.0,HLA-A*02:01,1.0,True,,,False,B,0.8962,C,GILGFVFTL,True,membrane protein M1,Influenza A virus (A/turkey/Minnesota/833/1980(H4N2)) (Influenza A virus (A/turkey/MN/833/1980(H4N2))),AAA43349.1,9,D,E,abTCR,TRAV24,TRBV19,TRAV24*01,TRAJ27*01,TRBV19*01,TRBJ2-7*01,SSNFYA,MTLNGDE,AFDTNAGKST,LNHDA,SQIVND,ASSIFGQREQY,abTCR,,,,,"stcrdab,tcr3d,atlas",,,,STCRDab,0.1947,1:0.1947,1,True,pathogen,organism is a pathogen,CL065,1,False
5JHD,2.46,x_ray,2016-04-20,2017-03-01,5,A,hla_a,1.0,HLA-A*02:01,0.9982,False,,,False,B,0.8846,C,GILGFVFTL,True,membrane protein M1,Influenza A virus (A/turkey/Minnesota/833/1980(H4N2)) (Influenza A virus (A/turkey/MN/833/1980(H4N2))),AAA43349.1,9,"D,I","E,J",abTCR,TRAV38-2/DV8,TRBV19,TRAV38-2/DV8*01,TRDJ1*01,TRBV19*01,TRBJ1-2*01,TSESDYY,QEAYKQQN,AWGVNAGGTSYGKLT,LNHDA,SQIVND,ASSIGVYGYT,abTCR,,,,,"stcrdab,tcr3d,atlas",,,,STCRDab,0.2056,1:0.2052;2:0.2059,2,True,pathogen,organism is a pathogen,CL066,1,False
5JZI,2.5,x_ray,2016-05-16,2017-05-31,5,A,hla_a,1.0,HLA-A*02:01,1.0,True,,,False,B,0.8846,C,KLVALGINAV,True,polyprotein,Hepatitis C virus,AAA45534.1,10,"D,I","E,J",abTCR,TRAV38-2/DV8,TRBV25-1,TRAV38-2/DV8*01,TRDJ1*01,TRBV25-1*01,TRBJ2-7*01,TSESDYY,QEAYKQQN,AYGEDDKII,MGHDK,SYGVNS,ASRRGPYEQY,abTCR,,,,,"stcrdab,tcr3d,atlas",,,,STCRDab,0.3488,1:0.3696;2:0.328,2,False,pathogen,organism is a pathogen,CL024,2,True
5MEN,2.81,x_ray,2016-11-16,2016-12-07,5,A,hla_a,1.0,HLA-A*02:01,0.9982,False,,,False,B,0.8846,C,ILAKFLHWL,True,telomerase reverse transcriptase isoform 2 [Homo sapiens],Homo sapiens (human),301129200,9,D,E,abTCR,TRAV22,TRBV6-5,TRAV22*01,TRAJ40*01,TRBV6-5*01,TRBJ1-1*01,DSVNN,IPSGT,AVDSATSGTYKYI,MNHEY,SVGAGI,ASSYQGTEAF,abTCR,,,,,"stcrdab,tcr3d,atlas",,,,STCRDab,0.318,1:0.318,1,False,tumour,known tumour antigen (telomerase reverse transcriptase isoform),CL067,1,False
5NHT,3.2,x_ray,2017-03-22,2018-05-16,5,H,hla_a,1.0,HLA-A*02:01,0.9946,False,,,False,L,0.8846,P,ELAGIGILTV,True,,,,10,A,B,abTCR,TRAV12-2,TRBV19,TRAV12-2*01,TRAJ45*01,TRBV19*01,TRBJ2-2*01,DRGSQS,IYSNGD,AVGGGADGLT,LNHDA,SQIVND,ASSQGLAGAGELF,abTCR,,,,,"stcrdab,tcr3d",,,,STCRDab,0.4157,1:0.4157,1,False,tumour,Melan-A/MART-1 melanoma antigen ELA-modified decamer,CL068,1,False
5NME,2.94,x_ray,2017-04-05,2017-11-15,5,A,hla_a,1.0,HLA-A*02:01,0.9982,False,,,False,B,0.8846,C,SLYNTVATL,True,gag protein,Human immunodeficiency virus 1 (human immunodeficiency virus 1 HIV-1),AAV53342.1,9,"D,I","E,J",abTCR,TRAV12-2,TRBV5-6,TRAV12-2*01,TRAJ41*01,TRBV5-6*01,TRBJ2-7*01,DRGSQS,IYSNGD,AVRTNSGYALN,QGHDT,YYEEEE,ASSDTVSYEQY,abTCR,,,,,"stcrdab,tcr3d,atlas",,,,STCRDab,0.3816,1:0.3922;2:0.3711,2,False,pathogen,organism is a pathogen,CL010,3,True
5NMF,2.89,x_ray,2017-04-05,2017-11-15,5,A,hla_a,1.0,HLA-A*02:01,0.9982,False,,,False,B,0.8846,C,SLYNTIATL,True,gag protein,Human immunodeficiency virus 1 (human immunodeficiency virus 1 HIV-1),AAV53168.1,9,"D,I","E,J",abTCR,TRAV12-2,TRBV5-6,TRAV12-2*01,TRAJ41*01,TRBV5-6*01,TRBJ2-7*01,DRGSQS,IYSNGD,AVRTNSGYALN,QGHDT,YYEEEE,ASSDTVSYEQY,abTCR,,,,,"stcrdab,tcr3d,atlas",,,,STCRDab,0.3664,1:0.355;2:0.3779,2,False,pathogen,organism is a pathogen,CL010,3,True
5NMG,2.75,x_ray,2017-04-05,2017-11-15,5,A,hla_a,1.0,HLA-A*02:01,0.9982,False,,,False,B,0.8846,C,SLFNTIAVL,True,gag protein,Human immunodeficiency virus 1 (human immunodeficiency virus 1 HIV-1),AAY98604.1,9,"D,I","E,J",abTCR,TRAV12-2,TRBV5-6,TRAV12-2*01,TRAJ41*01,TRBV5-6*01,TRBJ2-7*01,DRGSQS,IYSNGD,AVRTNSGYALN,QGHDT,YYEEEE,ASSDTVSYEQY,abTCR,,,,,"stcrdab,tcr3d,atlas",,,,STCRDab,0.3536,1:0.3547;2:0.3524,2,False,pathogen,organism is a pathogen,CL010,3,True
5NQK,3.25,x_ray,2017-04-20,2018-05-30,5,H,hla_a,1.0,HLA-A*02:01,0.9946,False,,,False,L,0.8846,P,ELAGIGILTV,True,,,,10,A,B,abTCR,TRAV12-2,TRBV19,TRAV12-2*01,TRAJ45*01,TRBV19*01,TRBJ2-2*01,DRGSQS,IYSNGD,AGGGGADGLT,LNHDA,SQIVND,ASSQGLAGAGELF,abTCR,,,,,"stcrdab,tcr3d",,,,STCRDab,0.369,1:0.369,1,False,tumour,Melan-A/MART-1 melanoma antigen ELA-modified decamer,CL069,1,False
5TEZ,1.7,x_ray,2016-09-23,2017-09-27,5,A,hla_a,1.0,HLA-A*02:01,1.0,True,,,False,B,0.8798,C,GILGFVFTL,True,membrane protein M1,Influenza A virus (A/turkey/Minnesota/833/1980(H4N2)) (Influenza A virus (A/turkey/MN/833/1980(H4N2))),AAA43349.1,9,I,J,abTCR,TRAV13-1,TRBV27,TRAV13-1*01,TRAJ54*01,TRBV27*01,TRBJ1-1*01,DSASNY,IRSNVGE,AASFIIQGAQKLV,MNHEY,SMNVEV,ASSLLGGWSEAF,abTCR,,,,,"stcrdab,tcr3d,atlas",,,,STCRDab,0.2354,1:0.2354,1,False,pathogen,organism is a pathogen,CL070,1,False
5WKF,2.95,x_ray,2017-07-25,2017-09-20,5,A,hla_a,1.0,HLA-A*11:01,1.0,True,,,False,B,0.8846,C,GTSGSPIVNR,True,polyprotein,dengue virus type 1 (dengue type 1 D1 virus),ABG75765.1,10,"D,I","E,J",abTCR,TRAV30,TRBV11-2,TRAV30*05,TRAJ39*01,TRBV11-2*01,TRBJ1-2*01,KALYS,LLKGGEQ,GLGDAGNMLT,SGHAT,FQNNGV,ASSLGQGLLYGYT,abTCR,,,,,"stcrdab,tcr3d,atlas",,,,STCRDab,0.3726,1:0.3682;2:0.377,2,False,pathogen,organism is a pathogen,CL025,2,True
5WKH,3.2,x_ray,2017-07-25,2017-09-20,5,A,hla_a,1.0,HLA-A*11:01,1.0,True,,,False,B,0.8846,C,GTSGSPIINR,True,polyprotein precursor,dengue virus type 4 (dengue type 4 virus DEN4),AAG45435.1,10,"D,I","E,J",abTCR,TRAV30,TRBV11-2,TRAV30*05,TRAJ39*01,TRBV11-2*01,TRBJ1-2*01,KALYS,LLKGGEQ,GLGDAGNMLT,SGHAT,FQNNGV,ASSLGQGLLYGYT,abTCR,,,,,"stcrdab,tcr3d,atlas",,,,STCRDab,0.3726,1:0.3948;2:0.3504,2,False,pathogen,organism is a pathogen,CL025,2,True
5YXN,2.03,x_ray,2017-12-06,2018-12-12,5,C,hla_a,1.0,HLA-A*02:01,1.0,True,,,False,D,0.8722,I,KLVALGINAV,True,polyprotein,Hepatitis C virus,AAA45534.1,10,A,B,abTCR,TRAV38-2/DV8,TRBV25-1,TRAV38-2/DV8*01,TRDJ1*01,TRBV25-1*01,TRBJ2-7*01,TSESDYY,QEAYKQQN,AYGEDDKII,MGHDK,SYGVNS,ASRRGPYEQY,abTCR,,,,,"stcrdab,tcr3d",,,,STCRDab,0.2845,1:0.2845,1,False,pathogen,organism is a pathogen,CL024,2,True
5YXU,2.7,x_ray,2017-12-07,2018-12-12,5,C,hla_a,1.0,HLA-A*02:01,0.9982,False,,,False,D,0.8722,I,KLVALGINAV,True,polyprotein,Hepatitis C virus,AAA45534.1,10,A,B,abTCR,TRAV38-1,TRBV25-1,TRAV38-2/DV8*01,TRDJ1*01,TRBV25-1*01,TRBJ2-7*01,TSENDYI,QEAYKQQN,AYGEDDKII,MGHDK,SYGVNS,ASRRGSAELY,abTCR,tcr3d=TRAV38-1;structure=TRAV38-2/DV8,"Unresolved: no IEDB receptor record. structure=TRAV38-2/DV8, TCR3D=TRAV38-1 (adjacent genes).",,,"stcrdab,tcr3d",,,,STCRDab,0.3156,1:0.3156,1,False,pathogen,organism is a pathogen,CL071,1,False
6AM5,2.394,x_ray,2017-08-09,2018-08-08,5,A,hla_a,1.0,HLA-A*02:01,1.0,True,,,False,B,0.8846,C,SMLGIGIVPV,True,,,,10,D,E,abTCR,TRAV12-2,TRBV6-4,TRAV12-2*01,TRAJ23*01,TRBV6-4*01,TRBJ1-1*01,DRGSQS,IYSNGD,AVNFGGGKLI,MRHNA,SNTAGT,ASSLSFGTEAF,abTCR,,,,,"stcrdab,tcr3d,atlas",,,,STCRDab,0.3088,1:0.3088,1,False,tumour,DMF5 TCR recognizes the MART-1 melanoma antigen; SMLGIGIVPV library ligand,CL008,4,True
6AMU,2.151,x_ray,2017-08-11,2018-08-15,5,A,hla_a,1.0,HLA-A*02:01,1.0,True,,,False,B,0.8846,C,MMWDRGLGMM,True,,,,10,D,E,abTCR,TRAV12-2,TRBV6-4,TRAV12-2*01,TRAJ23*01,TRBV6-4*01,TRBJ1-1*01,DRGSQS,IYSNGD,AVNFGGGKLI,MRHNA,SNTAGT,ASSLSFGTEAF,abTCR,,,,,"stcrdab,tcr3d,atlas",,,,STCRDab,0.279,1:0.279,1,False,tumour,MMWDRGLGMM cross-reactive ligand of MART-1 TCR DMF5,CL008,4,True
6AVF,2.028,x_ray,2017-09-02,2018-02-28,5,H,hla_b,1.0,HLA-B*07:02,0.8634,False,,,False,M,0.9082,P,APRGPHGGAASGL,True,cancer/testis antigen 1 [Homo sapiens],Homo sapiens (human),NP_001318.1,13,A,B,abTCR,TRAV4,TRBV28,TRAV4*01,TRAJ21*01,TRBV28*01,TRBJ2-3*01,NIATNDY,GYKTK,LVGEILDNFNKFY,MDHEN,SYDVKM,ASSQRQEGDTQY,abTCR,,,,,"stcrdab,tcr3d,atlas",,,,STCRDab,0.4933,1:0.4933,1,True,tumour,known tumour antigen (cancer/testis antigen 1 [homo sapiens]),CL072,1,False
6AVG,2.6,x_ray,2017-09-02,2018-02-28,5,G,hla_b,1.0,HLA-B*07:02,0.8634,False,,,False,H,0.8373,P,APRGPHGGAASGL,True,cancer/testis antigen 1 [Homo sapiens],Homo sapiens (human),NP_001318.1,13,"B,C","D,E",abTCR,TRAV4,TRBV9,TRAV4*01,TRAJ8*01,TRBV9*01,TRBJ2-1*01,NIATNDY,GYKTK,LVVDQKLV,SGDLS,YYNGEE,ASSGGHTGSNEQF,abTCR,,,,,"stcrdab,tcr3d,atlas",,,,STCRDab,0.4388,1:0.4314;2:0.4463,2,True,tumour,known tumour antigen (cancer/testis antigen 1 [homo sapiens]),CL073,1,False
6BJ2,3.35,x_ray,2017-11-03,2018-07-25,5,A,hla_b,1.0,HLA-B*35:01,0.9982,False,,,False,B,0.9082,C,IPLTEEAEL,True,"pol protein, partial [Human immunodeficiency virus]",Human immunodeficiency virus,409711146,9,D,E,abTCR,TRAV19,TRBV5-4,TRAV19*01,TRAJ53*01,TRBV5-4*01,TRBJ2-5*01,TRDTTYY,RNSFDEQN,ALSHNSGGSNYKLT,SGHNT,YYREEE,ASSFRGGKTQY,abTCR,,,,,"stcrdab,tcr3d,atlas",,,,STCRDab,0.613,1:0.613,1,False,pathogen,organism is a pathogen,CL074,1,False
6D78,2.347,x_ray,2018-04-24,2019-04-03,5,A,hla_a,1.0,HLA-A*02:01,0.9982,False,,,False,B,0.8846,C,AAGIGILTV,True,melanoma antigen recognized by T-cells 1,Homo sapiens (human),NP_005502.1,9,D,E,abTCR,TRAV12-2,TRBV6-4,TRAV12-2*01,TRAJ23*01,TRBV6-4*01,TRBJ1-1*01,YRGSQS,IYSNGD,AVNFGGGKLI,MRHNA,SNTAGT,ASSWSFGTEAF,abTCR,,,,,"stcrdab,tcr3d,atlas",,,,STCRDab,0.3314,1:0.3314,1,True,tumour,known tumour antigen (melanoma antigen recognized by t-cells 1),CL022,2,True
6DKP,2.966,x_ray,2018-05-30,2019-04-10,5,A,hla_a,1.0,HLA-A*02:01,0.9982,False,,,False,B,0.8846,C,ELAGIGILTV,True,,,,10,D,E,abTCR,TRAV12-2,TRBV6-4,TRAV12-2*01,TRAJ23*01,TRBV6-4*01,TRBJ1-1*01,YRGSQS,IASNGD,AVNFGGGKLI,MRHNA,SNTAGT,ASSWSFGTEAF,abTCR,,,,,"stcrdab,tcr3d,atlas",,,,STCRDab,0.3455,1:0.3455,1,False,tumour,Melan-A/MART-1 melanoma antigen ELA-modified decamer,CL075,1,False
6EQA,3.16,x_ray,2017-10-12,2018-10-10,5,A,hla_a,1.0,HLA-A*02:01,0.9982,False,,,False,B,0.8846,C,AAGIGILTV,True,melanoma antigen recognized by T-cells 1,Homo sapiens (human),NP_005502.1,9,D,E,abTCR,TRAV12-2,TRBV30,TRAV12-2*01,TRAJ27*01,TRBV30*02,TRBJ2-2*01,DRGSQS,IYSNGD,AVNVAGKST,GTSNPN,SVGIG,AWSETGLGTGELF,abTCR,,,,,"stcrdab,tcr3d,atlas",,,,STCRDab,0.3066,1:0.3066,1,True,tumour,known tumour antigen (melanoma antigen recognized by t-cells 1),CL003,5,True
6EQB,2.81,x_ray,2017-10-12,2018-10-10,5,A,hla_a,1.0,HLA-A*02:01,0.9982,False,,,False,B,0.8846,C,AAGIGILTV,True,melanoma antigen recognized by T-cells 1,Homo sapiens (human),NP_005502.1,9,D,E,abTCR,TRAV12-2,TRBV30,TRAV12-2*01,TRAJ27*01,TRBV30*02,TRBJ2-2*01,FLGSQS,TYREGD,AVNDGGRLT,GTSNPN,WGPFG,AWSETGLGMGGWQ,abTCR,,,,,"stcrdab,tcr3d,atlas",,,,STCRDab,0.3071,1:0.3071,1,True,tumour,known tumour antigen (melanoma antigen recognized by t-cells 1),CL005,5,True
6MTM,3.0,x_ray,2018-10-19,2019-02-13,5,A,hla_b,1.0,HLA-B*37:01,0.9982,False,,,False,B,0.9082,C,FEDLRVLSF,True,nucleoprotein,Influenza A virus,AAA43467.1,9,D,E,abTCR,TRAV30,TRBV19,TRAV30*01,TRAJ13*01,TRBV19*01,TRBJ1-1*01,KALYS,LLKGGEQ,GTERSGGYQKVT,LNHDA,SQIVND,ASSMSAMGTEAF,abTCR,,,,,"stcrdab,tcr3d,atlas",,,,STCRDab,0.4458,1:0.4458,1,False,pathogen,organism is a pathogen,CL076,1,False
6P64,3.05,x_ray,2019-05-31,2020-06-03,5,A,hla_a,1.0,HLA-A*02:06,0.9982,False,,,False,B,0.8846,C,KQWLVWLFL,True,,,,9,,,,TRAV38-2/DV8,TRBV12-3,TRAV38-2/DV8*01,TRDJ2*01,TRBV12-3*01,TRBJ2-3*01,TSESDYY,QEAY,AFMDSNYQLI,SGHNS,FNNNVP,ASSRTSPTDTQY,abTCR,,,,,"tcr3d,atlas",,,,PDBe API (backfill),0.3168,1:0.3168,1,False,tumour,TCR binding to HHAT peptide presented by HLA-A2 (melanoma),CL077,1,False
6Q3S,2.5,x_ray,2018-12-04,2019-07-24,3,A,hla_a,1.0,HLA-A*02:01,0.9909,False,,,False,B,0.8846,C,SLLMWITQV,True,melanoma-specific artificial polyepitopic immunogen [Vaccinia virus],Orthopoxvirus vaccinia (Vaccinia virus),AXN56296.1,9,D,E,abTCR,TRAV21,TRBV6-5,TRAV21*01,TRAJ6*01,TRBV6-5*01,TRBJ2-2*01,DSAIYN,IQSSQRE,AVRPTSGGSYIPT,MNHEY,SVGAGI,ASSYVGNTGELF,abTCR,,,,,"stcrdab,tcr3d,atlas",,,,STCRDab,0.4639,1:0.4639,1,False,pathogen,organism is a pathogen,CL007,4,True
6R2L,2.3,x_ray,2019-03-18,2020-02-26,5,A,hla_a,1.0,HLA-A*02:01,0.9982,False,,,False,B,0.8846,C,SLSKILDTV,True,breast cancer antigen NY-BR-1,Homo sapiens (human),AAK27325.1,9,D,E,abTCR,TRAV22,TRBV11-2,TRAV22*01,TRAJ34*01,TRBV11-2*01,TRBJ2-1*01,DSVNN,IPSGW,AVGGNDWNTDKLI,FSHPT,FGGWPG,ASSPLDVSISSYNEQF,abTCR,,,,,"stcrdab,tcr3d,atlas",,,,STCRDab,0.3088,1:0.3088,1,True,tumour,breast cancer antigen NY-BR-1,CL078,1,False
6RP9,3.12,x_ray,2019-05-14,2020-01-15,5,A,hla_a,1.0,HLA-A*02:01,0.9964,False,,,False,B,0.8846,C,SLLMWITQV,True,melanoma-specific artificial polyepitopic immunogen [Vaccinia virus],Orthopoxvirus vaccinia (Vaccinia virus),AXN56296.1,9,"D,I","E,J",abTCR,TRAV12-2,TRBV7-6,TRAV12-2*01,TRAJ49*01,TRBV7-6*01,TRBJ1-1*01,DRGSQS,IYSNGD,ALTRGPGNQFY,SGHVS,FNYEAQ,ASSSPGGVSTEAF,abTCR,,,,,"stcrdab,tcr3d,atlas",,,,STCRDab,0.3096,1:0.3348;2:0.2845,2,False,pathogen,organism is a pathogen,CL079,1,False
6RPA,2.56,x_ray,2019-05-14,2020-01-15,5,A,hla_a,1.0,HLA-A*02:01,0.9964,False,,,False,B,0.8846,C,SLLMWITQV,True,melanoma-specific artificial polyepitopic immunogen [Vaccinia virus],Orthopoxvirus vaccinia (Vaccinia virus),AXN56296.1,9,D,E,abTCR,TRAV3,TRBV29-1,TRAV3*01,TRAJ28*01,TRBV29-1*01,TRBJ2-3*01,VSGNPY,YITGDNLV,AVRDINSGAGSYQLT,SQVTM,ANQGSEA,SVGGSGGADTQY,abTCR,,,,,"stcrdab,tcr3d,atlas",,,,STCRDab,0.3039,1:0.3039,1,False,pathogen,organism is a pathogen,CL080,1,False
6RPB,2.5,x_ray,2019-05-14,2020-01-15,5,A,hla_a,1.0,HLA-A*02:01,0.9964,False,,,False,B,0.8846,C,SLLMWITQV,True,melanoma-specific artificial polyepitopic immunogen [Vaccinia virus],Orthopoxvirus vaccinia (Vaccinia virus),AXN56296.1,9,"D,I,N,S","E,J,O,T",abTCR,TRAV12-2,TRBV6-5,TRAV12-2*01,TRAJ6*01,TRBV6-5*01,TRBJ2-3*01,DRGSQS,IYSDGD,AVKSGGSYIPT,MNHEY,SVGAGI,ASSYLNRDSALD,abTCR,,,,,"stcrdab,tcr3d,atlas",,,,STCRDab,0.2645,1:0.2562;2:0.2646;3:0.2695;4:0.2678,4,False,pathogen,organism is a pathogen,CL081,1,False
6RSY,2.95,x_ray,2019-05-22,2020-04-15,5,A,hla_a,1.0,HLA-A*02:01,0.9982,False,,,False,B,0.8846,C,RMFPNAPYL,True,Wilms tumor protein,Homo sapiens (human),A0A1W2PQQ0.2,9,"D,I","E,J",abTCR,TRAV26-1,TRBV7-9,TRAV26-1*01,TRAJ40*01,TRBV7-9*03,TRBJ2-5*01,TVDPNEY,GLKNN,IGGGTTSGTYKYI,SEHNR,FQNEAQ,ASSLGFGRDVMR,abTCR,,,,,"stcrdab,tcr3d,atlas",,,,STCRDab,0.2963,1:0.3079;2:0.2846,2,True,tumour,known tumour antigen (wilms tumor protein),CL082,1,False
6TMO,2.1,x_ray,2019-12-05,2020-10-07,5,A,hla_a,1.0,HLA-A*02:01,0.9982,False,,,False,B,0.8846,C,EAAGIGILTV,True,melanoma antigen recognized by T-cells 1,Homo sapiens (human),NP_005502.1,10,D,E,abTCR,TRAV12-2,TRBV30,TRAV12-2*01,TRAJ27*01,TRBV30*02,TRBJ2-2*01,FLGSQS,TYREGD,AVNDGGRLT,GTSNPN,WGPFG,AWSETGLGMGGWQ,abTCR,,,,,"stcrdab,tcr3d,atlas",,,,STCRDab,0.277,1:0.277,1,True,tumour,known tumour antigen (melanoma antigen recognized by t-cells 1),CL005,5,True
6TRO,3.0,x_ray,2019-12-19,2020-06-24,5,A,hla_a,1.0,HLA-A*02:01,0.9982,False,,,False,B,0.8846,C,GVYDGREHTV,True,MAGE-4 protein [Homo sapiens],Homo sapiens (human),1125014,10,D,E,abTCR,TRAV10,TRBV28,TRAV10*01,TRAJ6*01,TRBV28*01,TRBJ2-7*01,VSPFSN,MTFSENT,VVNHSGGSYIPT,MDHEN,SYDVKM,ASSFLMTSGDPYEQY,abTCR,,,,,"stcrdab,tcr3d,atlas",,,,STCRDab,0.331,1:0.331,1,False,tumour,known tumour antigen (mage-4 protein [homo sapiens]),CL083,1,False
6UK2,3.14,x_ray,2019-10-04,2020-08-19,3,A,hla_a,1.0,HLA-A*02:06,0.9982,False,,,False,B,0.8846,C,KQWLVWLLL,True,Protein-cysteine N-palmitoyltransferase HHAT,Homo sapiens (human),Q5VTY9.1,9,,,,TRAV38-2/DV8,TRBV12-3,TRAV38-2/DV8*01,TRDJ2*01,TRBV12-3*01,TRBJ2-3*01,TSESDYY,QEAYKQQN,AFMDSNYQLI,SGHNS,FNNNVP,ASSRTSPTDTQY,abTCR,,,,,"tcr3d,atlas",,,,PDBe API (backfill),0.3508,1:0.3508,1,False,tumour,TCR binding to HHAT peptide presented by HLA-A2 (melanoma),CL026,2,True
6UK4,2.7,x_ray,2019-10-04,2020-08-19,3,A,hla_a,1.0,HLA-A*02:06,0.9982,False,,,False,B,0.8846,C,KQWLVWLFL,True,,,,9,,,,TRAV38-2/DV8,TRBV12-3,TRAV38-2/DV8*01,TRDJ2*01,TRBV12-3*01,TRBJ2-3*01,TSESDYY,QEAYKQQN,AFMDSNYQLI,SGHNS,FNNNVP,ASSRTSPTDTQY,abTCR,,,,,"tcr3d,atlas",,,,PDBe API (backfill),0.3072,1:0.3072,1,False,tumour,TCR binding to HHAT peptide presented by HLA-A2 (melanoma),CL026,2,True
6ULN,2.01,x_ray,2019-10-08,2020-05-27,5,A,hla_c,1.0,HLA-C*08:02,0.9982,False,,,False,B,0.9082,C,GADGVGKSA,True,,,,9,,,,TRAV4,TRBV5-6,TRAV4*01,TRAJ15*01,TRBV5-6*01,TRBJ1-2*01,NIATNDY,GYKTK,LVGDMDQAGTALI,SGHDT,YYEEEE,ASSLGQTNYGYT,abTCR,,,,,"tcr3d,atlas",,,,PDBe API (backfill),0.4117,1:0.4117,1,False,tumour,tumor infiltrating TCR recognition of hotspot KRAS-G12D mutation,CL084,1,False
6ULR,3.2,x_ray,2019-10-08,2020-05-27,5,A,hla_c,1.0,HLA-C*08:02,0.9982,False,,,False,B,0.9082,C,GADGVGKSA,True,,,,9,,,,TRAV4,TRBV5-6,TRAV4*01,TRAJ15*01,TRBV5-6*01,TRBJ1-2*01,NIATNDY,GYKTK,LVGDMDQAGTALI,SGHDT,YYEEEE,ASSLGEGRVDGYT,abTCR,,,,,"tcr3d,atlas",,,,PDBe API (backfill),0.3979,1:0.3979,1,False,tumour,tumor infiltrating TCR recognition of hotspot KRAS-G12D mutation,CL027,2,True
6UON,3.5,x_ray,2019-10-15,2020-05-27,5,D,hla_c,1.0,HLA-C*08:02,0.9982,False,,,False,E,0.9082,F,GADGVGKSAL,True,,,,10,"G,I","H,J",abTCR,TRAV12-2,TRBV10-2,TRAV12-2*01,TRAJ12*01,TRBV10-2*01,TRBJ1-1*01,DRGSQS,IYSNGD,AAAMDSSYKLI,WSHSY,SAAADI,ASSDPGTEAF,abTCR,,,,,"stcrdab,tcr3d,atlas",,,,STCRDab,0.478,1:0.4862;2:0.4698,2,False,tumour,tumor infiltrating TCR recognition of hotspot KRAS-G12D mutation,CL085,1,False
6VM7,2.41,x_ray,2020-01-27,2021-01-20,5,A,hla_a,1.0,HLA-A*02:01,1.0,True,,,False,B,0.8846,C,ITDQVPFSV,True,"melanocyte-specific secreted glycoprotein, partial",Homo sapiens (human),AAA35930.1,9,,,,TRAV8-1,TRBV19,TRAV8-1*01,TRAJ29*01,TRBV19*01,TRBJ2-1*01,YGGTVN,YFSGDPLV,AVNARRNTPLV,LNHDA,SQIVND,ASSITLSSYNEQF,abTCR,,,,,"tcr3d,atlas",,,,PDBe API (backfill),0.2904,1:0.2904,1,False,tumour,melanocyte-specific secreted glycoprotein (melanoma antigen),CL028,2,True
6VM8,2.41,x_ray,2020-01-27,2020-11-25,5,A,hla_a,1.0,HLA-A*02:01,1.0,True,,,False,B,0.8846,C,IMDQVPFSV,True,"Chain C, Melanocyte protein PMEL",Homo sapiens (human),6VM8_C,9,,,,TRAV8-1,TRBV19,TRAV8-1*01,TRAJ29*01,TRBV19*01,TRBJ2-1*01,YGGTVN,YFSGDPLV,AVNARRNTPLV,LNHDA,SQIVND,ASSITLSSYNEQF,abTCR,,,,,"tcr3d,atlas",,,,PDBe API (backfill),0.2813,1:0.2813,1,False,tumour,"known tumour antigen (chain c, melanocyte protein pmel)",CL028,2,True
6VM9,2.9,x_ray,2020-01-27,2021-01-20,5,A,hla_a,1.0,HLA-A*02:01,1.0,True,,,False,B,0.8846,C,IMDQVPFSV,True,"Chain C, Melanocyte protein PMEL",Homo sapiens (human),6VM8_C,9,,,,TRAV12-2,TRBV19,TRAV12-2*01,TRAJ49*01,TRBV19*01,TRBJ2-7*01,DRGSQS,IYSNGD,AVNALLGNQFY,LNHDA,SQIVND,ASSMGGTYEQY,abTCR,,,,,"tcr3d,atlas",,,,PDBe API (backfill),0.3862,1:0.3862,1,False,tumour,"known tumour antigen (chain c, melanocyte protein pmel)",CL011,3,True
6VMA,2.75,x_ray,2020-01-27,2021-01-20,5,A,hla_a,1.0,HLA-A*02:01,1.0,True,,,False,B,0.8846,C,ITDQVPFSV,True,"melanocyte-specific secreted glycoprotein, partial",Homo sapiens (human),AAA35930.1,9,,,,TRAV12-2,TRBV19,TRAV12-2*01,TRAJ49*01,TRBV19*01,TRBJ2-7*01,DRGSQS,IYSNGD,AVNALLGNQFY,LNHDA,SQIVND,ASSMGGTYEQY,abTCR,,,,,"tcr3d,atlas",,,,PDBe API (backfill),0.3173,1:0.3173,1,False,tumour,melanocyte-specific secreted glycoprotein (melanoma antigen),CL011,3,True
6VMC,2.85,x_ray,2020-01-27,2021-01-20,5,A,hla_a,1.0,HLA-A*02:01,1.0,True,,,False,B,0.8846,C,ILDQVPFSV,True,,,,9,,,,TRAV12-2,TRBV19,TRAV12-2*01,TRAJ49*01,TRBV19*01,TRBJ2-7*01,DRGSQS,IYSNGD,AVNALLGNQFY,LNHDA,SQIVND,ASSMGGTYEQY,abTCR,,,,,"tcr3d,atlas",,,,PDBe API (backfill),0.335,1:0.335,1,False,tumour,melanocyte-specific secreted glycoprotein (melanoma antigen),CL011,3,True
6VMX,3.1,x_ray,2020-01-28,2020-07-29,5,A,hla_b,1.0,HLA-B*07:02,0.9982,False,,,False,B,0.8846,C,RPPIFIRRL,True,EBNA-3A,Human herpesvirus 4 (Epstein Barr virus),AFY97830.1,9,"D,I","E,J",abTCR,TRAV24,TRBV4-1,TRAV24*01,TRAJ37*01,TRBV4-1*01,TRBJ1-2*01,SSNFYA,MTLNGDE,AFGSSNTGKLI,MGHRA,YSYEKL,ASSQDLFTGGYT,abTCR,,,,,"stcrdab,tcr3d,atlas",,,,STCRDab,0.3987,1:0.3982;2:0.3992,2,True,pathogen,organism is a pathogen,CL086,1,False
6VQO,3.0,x_ray,2020-02-05,2020-06-17,5,A,hla_a,1.0,HLA-A*02:01,0.9683,False,,,False,B,0.8846,P,HMTEVVRHC,True,,,,9,"D,H","E,J",abTCR,TRAV12-3,TRBV27,TRAV12-3*01,TRAJ12*01,TRBV27*01,TRBJ2-3*01,NSAFQY,TYSSGN,AMSGLKEDSSYKLI,MNHEY,SMNVEV,ASSIQQGADTQY,abTCR,,,,,"stcrdab,tcr3d,atlas",,,,STCRDab,0.3735,1:0.3736;2:0.3734,2,False,tumour,shared p53 cancer neoantigen,CL087,1,False
6VRM,2.61,x_ray,2020-02-08,2020-06-17,5,A,hla_a,1.0,HLA-A*02:01,0.9683,False,,,False,B,0.8846,P,HMTEVVRHC,True,,,,9,D,E,abTCR,TRAV12-1,TRBV6-1,TRAV12-1*01,TRAJ13*02,TRBV6-1*01,TRBJ2-7*01,NSASQS,VYSSG,VVQPGGYQKVT,MNHNS,SASEGT,ASSEGLWQVGDEQY,abTCR,,,,,"stcrdab,tcr3d,atlas",,,,STCRDab,0.3109,1:0.3109,1,False,tumour,shared p53 cancer neoantigen,CL088,1,False
6VRN,2.46,x_ray,2020-02-08,2020-06-17,5,A,hla_a,1.0,HLA-A*02:01,0.9683,False,,,False,B,0.8846,P,HMTEVVRHC,True,,,,9,D,E,abTCR,TRAV38-1,TRBV10-3,TRAV38-2/DV8*01,TRDJ2*01,TRBV10-3*01,TRBJ1-6*01,TSENNYY,QEAY,AFMGYSGAGSYQLT,ENHRY,SYGVKD,AISELVTGDSPLH,abTCR,tcr3d=TRAV38-1;structure=TRAV38-2/DV8,IEDB and TCR3D agree TRAV38-1; structure called TRAV38-2/DV8 (adjacent gene). Same CDR3a. Prefer TRAV38-1.,TRBV10-3*01/*02,TRAV38-1*01,"stcrdab,tcr3d,atlas",,,,STCRDab,0.3824,1:0.3824,1,False,tumour,shared p53 cancer neoantigen,CL089,1,False
7DZM,2.25,x_ray,2021-01-25,2022-01-26,5,A,hla_b,1.0,HLA-B*81:01,0.9946,False,,,False,B,0.8846,C,TPQDLNTML,True,Gag polyprotein,Human immunodeficiency virus 1 (human immunodeficiency virus 1 HIV-1),P03347.3,9,E,D,abTCR,TRAV26-1,TRBV12-3,TRAV26-1*01,TRAJ39*01,TRBV12-3*01,TRBJ1-3*01,TISGNEY,GLKNN,IVRGLNNAGNMLT,SGHNS,FNNNVP,ASSLGIDAIY,abTCR,,,,,"stcrdab,tcr3d,atlas",,,,STCRDab,0.3458,1:0.3458,1,False,pathogen,organism is a pathogen,CL029,2,True
7DZN,2.63,x_ray,2021-01-25,2022-01-26,5,A,hla_b,1.0,HLA-B*42:01,0.9928,False,,,False,B,0.8846,C,TPQDLNTML,True,Gag polyprotein,Human immunodeficiency virus 1 (human immunodeficiency virus 1 HIV-1),P03347.3,9,E,D,abTCR,TRAV26-1,TRBV12-3,TRAV26-1*01,TRAJ39*01,TRBV12-3*01,TRBJ1-3*01,TISGNEY,GLKNN,IVRGLNNAGNMLT,SGHNS,FNNNVP,ASSLGIDAIY,abTCR,,,,,"stcrdab,tcr3d,atlas",,,,STCRDab,0.299,1:0.299,1,True,pathogen,organism is a pathogen,CL029,2,True
7L1D,3.11,x_ray,2020-12-14,2022-03-23,5,A-2,hla_a,1.0,HLA-A*03:01,1.0,True,,,False,B-2,0.8846,C-2,ALHGGWTTK,True,,,,9,,,,TRAV12-2,TRBV9,TRAV12-2*01,TRAJ44*01,TRBV9*01,TRBJ2-6*01,DRGSQS,IYSNGD,AGNTGTASKLT,SGDLS,YYNGEE,ASSGLAGGPVSGANVLT,abTCR,,,,,"tcr3d,atlas",,,,PDBe API (backfill),0.4086,1:0.4086,1,False,tumour,public neoantigen derived from mutated PIK3CA,CL090,1,False
7N1E,2.3,x_ray,2021-05-27,2021-07-28,5,A,hla_a,1.0,HLA-A*02:01,1.0,True,,,False,B,0.8846,C,RLQSLQTYV,True,spike glycoprotein S,SARS coronavirus BJ01,AAP30030.1,9,D,E,abTCR,TRAV16,TRBV11-2,TRAV16*01,TRAJ39*01,TRBV11-2*01,TRBJ2-3*01,YSGSPE,HISR,ALSGFNNAGNMLT,SGHAT,FQNNGV,ASSLGGAGGADTQY,abTCR,,,,,"stcrdab,tcr3d,atlas",,,,STCRDab,0.3007,1:0.3007,1,False,pathogen,organism is a pathogen,CL091,1,False
7N1F,2.393,x_ray,2021-05-27,2021-07-28,5,A,hla_a,1.0,HLA-A*02:01,1.0,True,,,False,B,0.8846,C,YLQPRTFLL,True,surface glycoprotein [Severe acute respiratory syndrome coronavirus 2],SARS-CoV2,BCN86353.1,9,D,E,abTCR,TRAV12-2,TRBV7-9,TRAV12-2*01,TRAJ30*01,TRBV7-9*01,TRBJ2-7*01,DRGSQS,IYSNGD,AVNRDDKII,SEHNR,FQNEAQ,ASSPDIEQY,abTCR,,,,,"stcrdab,tcr3d,atlas",,,,STCRDab,0.2243,1:0.2243,1,False,pathogen,organism is a pathogen,CL030,2,True
7N2N,2.6,x_ray,2021-05-29,2022-12-07,5,A,hla_b,1.0,HLA-B*27:05,0.991,False,,,False,B,0.8846,C,TRLALIAPK,True,U4/U6 small nuclear ribonucleoprotein Prp3,Homo sapiens (human),O43395.2,9,D,F,abTCR,TRAV21,TRBV9,TRAV21*01,TRAJ18*01,TRBV9*01,TRBJ2-3*01,DSAIYN,IQSSQRE,AVLSPVQETSGSRLT,SGDLS,YYNGEE,ASSVGLFSTDTQY,abTCR,,,,,"stcrdab,tcr3d,atlas",,,,STCRDab,0.307,1:0.307,1,True,autoimmune,Autoimmunity-associated T cell receptors recognize HLA-B*27-bound peptides,CL031,2,True
7N2O,2.3,x_ray,2021-05-29,2022-12-07,5,A,hla_b,1.0,HLA-B*27:05,0.991,False,,,False,B,0.8846,C,LRVMMLAPF,True,UPF0324 inner membrane protein YeiH,Salmonella enterica subsp. enterica serovar Typhi,Q7CB38.1,9,D,F,abTCR,TRAV21,TRBV9,TRAV21*01,TRAJ18*01,TRBV9*01,TRBJ2-3*01,DSAIYN,IQSSQRE,AVLSPVQETSGSRLT,SGDLS,YYNGEE,ASSVGLFSTDTQY,abTCR,,,,,"stcrdab,tcr3d,atlas",,,,STCRDab,0.2886,1:0.2886,1,False,pathogen,organism is a pathogen,CL031,2,True
7N2P,2.5,x_ray,2021-05-29,2022-12-07,5,A,hla_b,1.0,HLA-B*27:05,0.991,False,,,False,B,0.8846,C,GQVMVVAPR,True,Ribonuclease H2 subunit B,Homo sapiens (human),A0A2R8Y7R8.1,9,D,F,abTCR,TRAV21,TRBV9,TRAV21*01,TRAJ21*01,TRBV9*01,TRBJ2-3*01,DSAIYN,IQSSQRE,AVSNFNKFY,SGDLS,YYNGEE,ASSVATYSTDTQY,abTCR,,,,,"stcrdab,tcr3d,atlas",,,,STCRDab,0.3201,1:0.3201,1,True,autoimmune,Autoimmunity-associated T cell receptors recognize HLA-B*27-bound peptides,CL012,3,True
7N2Q,2.7,x_ray,2021-05-29,2022-12-07,5,A,hla_b,1.0,HLA-B*27:05,0.991,False,,,False,B,0.8846,C,LRVMMLAPF,True,UPF0324 inner membrane protein YeiH,Salmonella enterica subsp. enterica serovar Typhi,Q7CB38.1,9,"D,E","F,G",abTCR,TRAV21,TRBV9,TRAV21*01,TRAJ21*01,TRBV9*01,TRBJ2-3*01,DSAIYN,IQSSQRE,AVSNFNKFY,SGDLS,YYNGEE,ASSVATYSTDTQY,abTCR,,,,,"stcrdab,tcr3d,atlas",,,,STCRDab,0.3299,1:0.3299;2:0.3299,2,False,pathogen,organism is a pathogen,CL012,3,True
7N2R,2.28,x_ray,2021-05-29,2022-12-07,5,A,hla_b,1.0,HLA-B*27:05,0.991,False,,,False,B,0.8846,C,TRLALIAPK,True,U4/U6 small nuclear ribonucleoprotein Prp3,Homo sapiens (human),O43395.2,9,D,F,abTCR,TRAV21,TRBV9,TRAV21*01,TRAJ21*01,TRBV9*01,TRBJ2-3*01,DSAIYN,IQSSQRE,AVSNFNKFY,SGDLS,YYNGEE,ASSVATYSTDTQY,abTCR,,,,,"stcrdab,tcr3d,atlas",,,,STCRDab,0.3264,1:0.3264,1,True,autoimmune,Autoimmunity-associated T cell receptors recognize HLA-B*27-bound peptides,CL012,3,True
7N2S,2.37,x_ray,2021-05-29,2022-12-07,5,A,hla_b,1.0,HLA-B*27:05,0.991,False,,,False,B,0.8846,C,TRLALIAPK,True,U4/U6 small nuclear ribonucleoprotein Prp3,Homo sapiens (human),O43395.2,9,D,F,abTCR,TRAV21,TRBV9,TRAV21*01,TRAJ28*01,TRBV9*01,TRBJ2-3*01,DSAIYN,IQSSQRE,AVSLGTGAGSYQLT,SGDLS,YYNGEE,ASSVGLYSTDTQY,abTCR,,,,,"stcrdab,tcr3d,atlas",,,,STCRDab,0.3427,1:0.3427,1,False,autoimmune,Autoimmunity-associated T cell receptors recognize HLA-B*27-bound peptides,CL092,1,False
7N6E,3.2,x_ray,2021-06-08,2021-07-28,5,A,hla_a,1.0,HLA-A*02:01,0.9946,False,,,False,B,0.8846,C,YLQPRTFLL,True,surface glycoprotein [Severe acute respiratory syndrome coronavirus 2],SARS-CoV2,BCN86353.1,9,"G,I","H,J",abTCR,TRAV12-1,TRBV19,TRAV12-1*01,TRAJ43*01,TRBV19*01,TRBJ2-2*01,NSASQS,VYSSG,VVNRNNDMR,LNHDA,SQIVND,AGQVTNTGELF,abTCR,,,,,"stcrdab,tcr3d,atlas",,,,STCRDab,0.4422,1:0.4222;2:0.4622,2,False,pathogen,organism is a pathogen,CL093,1,False
7NME,2.2,x_ray,2021-02-23,2022-09-07,5,A,hla_a,1.0,HLA-A*24:02,0.9982,False,,,False,B,0.8846,C,QLPRLFPLL,True,,,,9,D,E,abTCR,TRAV5,TRBV7-9,TRAV5*01,TRAJ37*01,TRBV7-9*03,TRBJ2-7*01,DSSSTY,IFSNMDM,AEPSGNTGKLI,SEHNR,FQNEAQ,ASSLHHEQY,abTCR,,,,,"stcrdab,tcr3d",,,,STCRDab,0.3757,1:0.3757,1,False,autoimmune,HLA A*24:02-restricted TCRs cross-recognize bacterial and preproinsulin peptides in type 1 diabetes,CL013,3,True
7NMF,2.98,x_ray,2021-02-23,2022-09-07,5,A,hla_a,1.0,HLA-A*24:02,0.9982,False,,,False,B,0.8846,C,QLPRLFPLL,True,,,,9,D,E,abTCR,TRAV5,TRBV7-9,TRAV5*01,TRAJ37*01,TRBV7-9*03,TRBJ2-7*01,DSSSTY,IFSNMDM,AEPSGNTGKLI,SEHNR,FQNEAQ,ASSLHHEQY,abTCR,,,,,"stcrdab,tcr3d",,,,STCRDab,0.4016,1:0.4016,1,False,autoimmune,HLA A*24:02-restricted TCRs cross-recognize bacterial and preproinsulin peptides in type 1 diabetes,CL013,3,True
7NMG,2.48,x_ray,2021-02-23,2022-09-07,5,A,hla_a,1.0,HLA-A*24:02,0.9982,False,,,False,B,0.8846,C,LWMRLLPLL,True,insulin,Homo sapiens (human),ABI63346.1,9,D,E,abTCR,TRAV5,TRBV7-9,TRAV5*01,TRAJ37*01,TRBV7-9*03,TRBJ2-7*01,DSSSTY,IFSNMDM,AEPSGNTGKLI,SEHNR,FQNEAQ,ASSLHHEQY,abTCR,,,,,"stcrdab,tcr3d",,,,STCRDab,0.3413,1:0.3413,1,True,autoimmune,known autoimmune self-antigen (insulin),CL013,3,True
7OW5,2.58,x_ray,2021-06-16,2022-07-20,5,A,hla_a,1.0,HLA-A*11:01,0.9982,False,,,False,B,0.8846,C,VVVGAGGVGK,True,"KRAS proto-oncogene, GTPase",Homo sapiens (human),G3V4K2.1,10,D,E,abTCR,TRAV19,TRBV6-3,TRAV19*01,TRAJ28*01,TRBV6-2*01,TRBJ1-6*01,TRDTAYY,QPWWGEQN,AMSVPSGDGSYQFT,MNHEY,SVGEGT,ASKVGPGQHNSPLH,abTCR,,,,,"stcrdab,tcr3d,atlas",,,,STCRDab,0.3585,1:0.3585,1,True,tumour,"known tumour antigen (kras proto-oncogene, gtpase)",CL032,2,True
7OW6,2.64,x_ray,2021-06-16,2022-07-20,5,A,hla_a,1.0,HLA-A*11:01,0.9982,False,,,False,B,0.8846,C,VVVGADGVGK,True,,,,10,D,E,abTCR,TRAV19,TRBV6-3,TRAV19*01,TRAJ28*01,TRBV6-2*01,TRBJ1-6*01,TRDTAYY,QPWWGEQN,AMSVPSGDGSYQFT,MNHEY,SVGEGT,ASKVGPGQHNSPLH,abTCR,,,,,"stcrdab,tcr3d,atlas",,,,STCRDab,0.3104,1:0.3104,1,False,tumour,tumor infiltrating TCR recognition of hotspot KRAS-G12D mutation,CL032,2,True
7PB2,3.41,x_ray,2021-07-30,2022-07-20,5,A,hla_a,1.0,HLA-A*11:01,0.9982,False,,,False,B,0.8846,C,VVVGADGVGK,True,,,,10,"D,I","E,J",abTCR,TRAV19,TRBV6-3,TRAV19*01,TRAJ28*01,TRBV6-2*01,TRBJ1-6*01,TRDTTYY,RNSFDEQN,ALSGPSGAGSYQLT,MNHEY,SVGEGT,ASSYGPGQHNSPLH,abTCR,,,,,"stcrdab,tcr3d,atlas",,,,STCRDab,0.385,1:0.3823;2:0.3877,2,False,tumour,tumor infiltrating TCR recognition of hotspot KRAS-G12D mutation,CL094,1,False
7PBE,3.0,x_ray,2021-08-02,2022-04-27,5,A,hla_a,1.0,HLA-A*02:01,0.9982,False,,,False,B,0.8846,C,YLQPRTFLL,True,surface glycoprotein [Severe acute respiratory syndrome coronavirus 2],SARS-CoV2,BCN86353.1,9,"D,I","E,J",abTCR,TRAV12-1,TRBV7-9,TRAV12-1*01,TRAJ34*01,TRBV7-9*03,TRBJ2-2*01,NSASQS,VYSSG,VVNINTDKLI,SEHNR,FQNEAQ,ASSSANSGELF,abTCR,,,,,"stcrdab,tcr3d",,,,STCRDab,0.2874,1:0.2832;2:0.2917,2,False,pathogen,organism is a pathogen,CL095,1,False
7PHR,3.08,cryo_em,2021-08-18,2022-08-31,11,H,hla_a,1.0,HLA-A*02:01,0.9499,False,,,False,L,0.8843,P,YLEPGPVTV,True,,,,9,A,B,abTCR,TRAV17,TRBV19,TRAV17*01,TRAJ29*01,TRBV19*01,TRBJ2-7*01,TSINN,IRSNERE,ATDGSTPMQ,LNHDA,SWAQGD,ASSWGAPYEQY,abTCR,,,,,"stcrdab,tcr3d,atlas",,,,STCRDab,0.3801,1:0.3801,1,False,tumour,gp100/PMEL melanocyte differentiation antigen,CL096,1,False
7Q99,2.55,x_ray,2021-11-12,2023-02-22,5,A,hla_a,1.0,HLA-A*02:01,0.9982,False,,,False,B,0.8846,C,NLSALGIFST,True,Insulin-like growth factor 2 mRNA-binding protein 2,Homo sapiens (human),Q9Y6M1.2,10,D,E,abTCR,TRAV12-2,TRBV30,TRAV12-2*01,TRAJ27*01,TRBV30*02,TRBJ2-2*01,DRGSQS,IYSNGD,AVNVAGKST,GTSNPN,SVGIG,AWSETGLGTGELF,abTCR,,,,,"stcrdab,tcr3d",,,,STCRDab,0.261,1:0.261,1,False,autoimmune,known autoimmune self-antigen (insulin-like growth factor 2 mrna-bindin),CL003,5,True
7Q9A,2.1,x_ray,2021-11-12,2023-02-22,5,A,hla_a,1.0,HLA-A*02:01,0.9982,False,,,False,B,0.8846,C,LLLGIGILVL,True,Bone marrow stromal antigen 2,Homo sapiens (human),Q10589.1,10,D,E,abTCR,TRAV12-2,TRBV30,TRAV12-2*01,TRAJ27*01,TRBV30*02,TRBJ2-2*01,DRGSQS,IYSNGD,AVNVAGKST,GTSNPN,SVGIG,AWSETGLGTGELF,abTCR,,,,,"stcrdab,tcr3d",,,,STCRDab,0.219,1:0.219,1,True,tumour,Targeting of multiple tumor-associated antigens during successful cancer immunotherapy,CL003,5,True
7QPJ,1.54,x_ray,2022-01-04,2022-08-03,5,C,hla_a,1.0,HLA-A*02:01,0.9964,False,,,False,D,0.8846,E,GLYDGMEHL,True,MAGE-10 antigen,Homo sapiens (human),AAA68869.1,9,A,B,abTCR,TRAV12-2,TRBV6-6,TRAV12-2*01,TRAJ5*01,TRBV6-6*02,TRBJ1-1*01,DRGSSS,IYANGD,AVRGTGRRALT,MNHNY,SVGAGI,ASSFATEAF,abTCR,,,,,"stcrdab,tcr3d,atlas",,,,STCRDab,0.2028,1:0.2028,1,True,tumour,known tumour antigen (mage-10 antigen),CL097,1,False
7R80,2.9,x_ray,2021-06-25,2022-06-29,5,C,hla_b,1.0,HLA-B*53:01,0.9946,False,,,False,D,0.8846,E,QASQEVKNW,True,"gag protein, partial",Human immunodeficiency virus 1 (human immunodeficiency virus 1 HIV-1),APU88133.1,9,A,B,abTCR,TRAV21,TRBV6-5,TRAV21*01,TRAJ15*01,TRBV6-5*01,TRBJ1-2*01,DSAIYN,IQSSQRE,AQLNQAGTALI,MNHEY,SVGAGI,ASSYGTGINYGYT,abTCR,,,,,"stcrdab,tcr3d,atlas",,,,STCRDab,0.5197,1:0.5197,1,False,pathogen,organism is a pathogen,CL098,1,False
7RK7,2.54,x_ray,2021-07-22,2022-11-02,5,A,hla_a,1.0,HLA-A*02:01,1.0,True,,,False,B,0.8846,C,YMDGTMSQV,True,unknown protein eluted from human MHC allele,Unidentified,SRC248339,9,D,E,abTCR,TRAV4,TRBV10-3,TRAV4*01,TRAJ42*01,TRBV10-3*01,TRBJ1-3*01,NIATNDY,GYKTK,LVALNYGGSQGNLI,ENHRY,SYGVKD,AISPTEEGGLIFPGNTIY,abTCR,,,,,"stcrdab,tcr3d",,,,STCRDab,0.4297,1:0.4297,1,False,tumour,TIL1383I recognizes the tyrosinase 368-376 tumor antigen,CL099,1,False
7RM4,3.33,x_ray,2021-07-26,2022-02-09,5,A,hla_a,1.0,HLA-A*02:01,1.0,True,,,False,B,0.8846,C,HMTEVVRHC,True,,,,9,"E,J,O,T","D,I,N,S",abTCR,TRAV6,TRBV11-2,TRAV6*01,TRAJ43*01,TRBV11-2*01,TRBJ2-2*01,NYSPAY,IRENEKE,ALDIYPHDMR,SGHAT,FQNNGV,ASSLDPGDTGELF,abTCR,,,,,"stcrdab,tcr3d,atlas",,,,STCRDab,0.3757,1:0.3886;2:0.3407;3:0.3951;4:0.3784,4,False,tumour,shared p53 cancer neoantigen,CL100,1,False
7RRG,2.12,x_ray,2021-08-09,2022-03-23,5,A,hla_a,1.0,HLA-A*03:01,1.0,True,,,False,B,0.8846,C,ALHGGWTTK,True,,,,9,,,,TRAV4,TRBV11-2,TRAV4*01,TRAJ9*01,TRBV11-2*01,TRBJ2-7*01,NIATNDY,GYKTK,LVGGAYTGGFKTI,SGHAT,FQNNGV,ASSLVAETYEQY,abTCR,,,,,"tcr3d,atlas",,,,PDBe API (backfill),0.3106,1:0.3106,1,True,tumour,public neoantigen derived from mutated PIK3CA,CL101,1,False
7RTR,2.6,x_ray,2021-08-14,2021-10-13,5,A,hla_a,1.0,HLA-A*02:01,0.8594,False,,,False,B,0.8846,C,YLQPRTFLL,True,surface glycoprotein [Severe acute respiratory syndrome coronavirus 2],SARS-CoV2,BCN86353.1,9,D,E,abTCR,TRAV12-2,TRBV7-9,TRAV12-2*01,TRAJ30*01,TRBV7-9*01,TRBJ2-7*01,DRGSQS,IYSNGD,AVNRDDKII,SEHNR,FQNEAQ,ASSPDIEQY,abTCR,,,,,"stcrdab,tcr3d,atlas",,,,STCRDab,0.2608,1:0.2608,1,True,pathogen,organism is a pathogen,CL030,2,True
7SU9,1.99,x_ray,2021-11-16,2022-06-08,5,A,hla_c,1.0,HLA-C*05:01,0.991,False,,,False,B,0.8846,C,GADGVGKSL,True,,,,9,,,,TRAV4,TRBV5-6,TRAV4*01,TRAJ15*01,TRBV5-6*01,TRBJ1-2*01,NIATNDY,GYKTK,LVGDMDQAGTALI,SGHDT,YYEEEE,ASSLGEGRVDGYT,abTCR,,,,,"tcr3d,atlas",,,,PDBe API (backfill),0.3333,1:0.3333,1,False,tumour,tumor infiltrating TCR recognition of hotspot KRAS-G12D mutation,CL027,2,True
8CX4,2.2,x_ray,2022-05-19,2022-12-07,5,A,hla_b,1.0,HLA-B*27:05,0.9892,False,,,False,B,0.8846,C,LRVMMLAPF,True,UPF0324 inner membrane protein YeiH,Salmonella enterica subsp. enterica serovar Typhi,Q7CB38.1,9,D,F,abTCR,TRAV21,TRBV9,TRAV21*01,TRAJ28*01,TRBV9*01,TRBJ2-3*01,DSAIYN,IQSSQRE,AVNSPGSGAGSYQLT,SGDLS,YYNGEE,ASSVGTYSTDTQY,abTCR,,,,,"stcrdab,tcr3d,atlas",,,,STCRDab,0.2852,1:0.2852,1,False,pathogen,organism is a pathogen,CL102,1,False
8DNT,3.18,x_ray,2022-07-11,2023-07-19,5,E,hla_a,1.0,HLA-A*02:01,0.9928,False,,,False,F,0.8846,D,LLLDRLNQL,True,nucleocapsid protein [SARS coronavirus BJ182a],SARS-CoV1,172043991,9,"A,H,M,V","B,I,P,W",abTCR,TRAV12-2,TRBV7-2,TRAV12-2*01,TRAJ54*01,TRBV7-2*01,TRBJ2-1*01,DRGSQS,IYSNGD,AVREGAQKLV,SGHTA,FQGNSA,ASSLDLGADEQF,abTCR,,,,,"stcrdab,tcr3d,atlas",,,,STCRDab,0.4736,1:0.5277;2:0.4586;3:0.4789;4:0.4292,4,False,pathogen,organism is a pathogen,CL103,1,False
8EN8,2.70001,x_ray,2022-09-29,2024-03-27,5,A,hla_b,1.0,HLA-B*35:01,0.9982,False,,,False,B,0.8846,C,LPFDKSTIM,True,nucleocapsid protein,Influenza A virus (A/Udorn/307/1972(H3N2)) (Influenza A virus (A/Udorn/307/72 (H3N2))),ABF21295.1,9,"D,I","E,J",abTCR,TRAV13-1,TRBV20-1,TRAV13-1*01,TRAJ28*01,TRBV20-1*01,TRBJ2-3*01,DSASNY,IRSNVGE,AADGGAGSYQLT,DFQATT,SNEGSKA,SAGPTSGRTDTQY,abTCR,,,,,"stcrdab,tcr3d",,,,STCRDab,0.4978,1:0.4953;2:0.5003,2,True,pathogen,organism is a pathogen,CL014,3,True
8ENH,2.50003,x_ray,2022-09-30,2024-03-27,5,A,hla_b,1.0,HLA-B*35:01,0.9982,False,,,False,B,0.8846,C,LPFEKSTIM,True,"nucleoprotein, partial",Influenza A virus (A/swine/Hong Kong/74/02(H3N2)),AAR12356.1,9,"D,I,N,S","E,J,O,T",abTCR,TRAV13-1,TRBV20-1,TRAV13-1*01,TRAJ28*01,TRBV20-1*01,TRBJ2-3*01,DSASNY,IRSNVGE,AADGGAGSYQLT,DFQATT,SNEGSKA,SAGPTSGRTDTQY,abTCR,,,,,"stcrdab,tcr3d",,,,STCRDab,0.506,1:0.5177;2:0.4834;3:0.5062;4:0.5167,4,False,pathogen,organism is a pathogen,CL014,3,True
8EO8,2.3,x_ray,2022-10-02,2024-03-27,5,A,hla_b,1.0,HLA-B*35:01,0.9982,False,,,False,B,0.8846,C,LPFDKATIM,True,nucleocapsid protein,H1N1 subtype (H1N1),ABI21215.1,9,"D,I,N,S","E,J,O,T",abTCR,TRAV13-1,TRBV20-1,TRAV13-1*01,TRAJ28*01,TRBV20-1*01,TRBJ2-3*01,DSASNY,IRSNVGE,AADGGAGSYQLT,DFQATT,SNEGSKA,SAGPTSGRTDTQY,abTCR,,,,,"stcrdab,tcr3d",,,,STCRDab,0.501,1:0.4904;2:0.5042;3:0.5089;4:0.5004,4,True,pathogen,influenza H1N1 nucleocapsid protein,CL014,3,True
8ES8,2.65,cryo_em,2022-10-13,2023-05-03,11,N,hla_a,1.0,HLA-A*02:01,0.9964,False,,,False,M,0.8846,P,GVYDGREHTV,True,MAGE-4 protein [Homo sapiens],Homo sapiens (human),1125014,10,A,B,abTCR,TRAV14/DV4,TRBV28,TRAV14/DV4*01,TRDJ2*01,TRBV28*01,TRBJ1-6*01,TSDPSYG,QGSYDQQN,AMRGGGSGGSYIPT,MDHEN,SYDVKM,ASSFTGPYNSPLH,abTCR,,,,,"stcrdab,tcr3d",,,,STCRDab,0.4305,1:0.4305,1,False,tumour,known tumour antigen (mage-4 protein [homo sapiens]),CL104,1,False
8ES9,3.25,cryo_em,2022-10-13,2023-05-03,11,N,hla_a,1.0,HLA-A*02:01,0.9964,False,,,False,M,0.8846,P,GVYDGREHTV,True,MAGE-4 protein [Homo sapiens],Homo sapiens (human),1125014,10,A,B,abTCR,TRAV20,TRBV20-1,TRAV20*01,TRAJ38*01,TRBV20-1*01,TRBJ1-1*01,VSGLRG,LYSAGEE,AVQPLNAGNNRKLI,DFQATT,SNEGSKA,SAREWGGTEAF,abTCR,,,,,"stcrdab,tcr3d",,,,STCRDab,0.3586,1:0.3586,1,False,tumour,known tumour antigen (mage-4 protein [homo sapiens]),CL105,1,False
8F5A,1.95,x_ray,2022-11-12,2024-05-22,5,A,hla_b,1.0,HLA-B*57:01,0.9946,False,,,False,B,0.9082,E,TSTLQEQIGW,True,gag protein,Human immunodeficiency virus 1 (human immunodeficiency virus 1 HIV-1),AAN08336.1,10,C,D,abTCR,TRAV21,TRBV5-1,TRAV21*01,TRAJ39*01,TRBV5-1*01,TRBJ1-1*01,DSAIYN,IQSSQRE,AVTLNNNAGNMLT,SGHRS,YFSETQ,ASSVGGTEAF,abTCR,,,,,"stcrdab,tcr3d",,,,STCRDab,0.403,1:0.403,1,True,pathogen,organism is a pathogen,CL106,1,False
8GOM,2.783,x_ray,2022-08-25,2023-03-01,5,A,hla_a,1.0,HLA-A*02:01,0.9982,False,,,False,B,0.8846,C,RLQSLQTYV,True,spike glycoprotein S,SARS coronavirus BJ01,AAP30030.1,9,D,E,abTCR,TRAV38-2/DV8,TRBV12-3,TRAV38-2/DV8*01,TRDJ4*01,TRBV12-3*01,TRBJ2-3*01,TSESDYY,QEAYKQQN,ASSGNTPLV,SGHNS,FNNNVP,ASTWGRASTDTQY,abTCR,,,,,"stcrdab,tcr3d,atlas",,,,STCRDab,0.3297,1:0.3297,1,True,pathogen,organism is a pathogen,CL033,2,True
8GON,2.601,x_ray,2022-08-25,2023-03-01,5,A,hla_a,1.0,HLA-A*02:01,0.9982,False,,,False,B,0.8846,C,RLQSLQIYV,True,surface glycoprotein [Severe acute respiratory syndrome coronavirus 2],SARS-CoV2,QTN58858.1,9,D,E,abTCR,TRAV38-2/DV8,TRBV12-3,TRAV38-2/DV8*01,TRDJ4*01,TRBV12-3*01,TRBJ2-3*01,TSESDYY,QEAYKQQN,ASSGNTPLV,SGHNS,FNNNVP,ASTWGRASTDTQY,abTCR,,,,,"stcrdab,tcr3d,atlas",,,,STCRDab,0.2724,1:0.2724,1,True,pathogen,organism is a pathogen,CL033,2,True
8GVB,3.2,x_ray,2022-09-14,2022-10-19,5,H,hla_a,1.0,HLA-A*24:02,0.9982,False,,,False,L,0.8846,P,RYPLTFGW,True,NEF protein,Human immunodeficiency virus 1 (human immunodeficiency virus 1 HIV-1),AAB60579.1,8,A,B,abTCR,TRAV8-3,TRBV7-9,TRAV8-3*01,TRAJ10*01,TRBV7-9*03,TRBJ2-5*01,YGATPY,YFSGDTLV,AVGFTGGGNKLT,SEHNR,FQNEAQ,ASSDRDRVPETQY,abTCR,,,,,"stcrdab,tcr3d,atlas",,,,STCRDab,0.5184,1:0.5184,1,False,pathogen,organism is a pathogen,CL034,2,True
8GVG,3.37,x_ray,2022-09-15,2022-10-19,5,H,hla_a,1.0,HLA-A*24:02,0.9982,False,,,False,L,0.8846,P,RFPLTFGW,True,Nef protein,Human immunodeficiency virus 1 (human immunodeficiency virus 1 HIV-1),BAA86664.1,8,A,B,abTCR,TRAV8-3,TRBV7-9,TRAV8-3*01,TRAJ10*01,TRBV7-9*03,TRBJ2-5*01,YGATPY,YFSGDTLV,AVGFTGGGNKLT,SEHNR,FQNEAQ,ASSDRDRVPETQY,abTCR,,,,,"stcrdab,tcr3d,atlas",,,,STCRDab,0.5844,1:0.5844,1,False,pathogen,organism is a pathogen,CL034,2,True
8GVI,3.3,x_ray,2022-09-15,2022-10-19,5,H,hla_a,1.0,HLA-A*24:02,0.9982,False,,,False,L,0.8846,P,RYPLTFGW,True,NEF protein,Human immunodeficiency virus 1 (human immunodeficiency virus 1 HIV-1),AAB60579.1,8,A,B,abTCR,TRAV8-3,TRBV7-9,TRAV8-3*01,TRAJ10*01,TRBV7-9*03,TRBJ2-5*01,YGATPY,YFSGDTLV,AVVFTGGGNKLT,SEHNR,FQNEAQ,ASSLRDRVPETQY,abTCR,,,,,"stcrdab,tcr3d,atlas",,,,STCRDab,0.5526,1:0.5526,1,False,pathogen,organism is a pathogen,CL107,1,False
8RJ5,3.02,x_ray,2023-12-20,2025-01-01,5,A,hla_a,1.0,HLA-A*24:02,0.9964,False,,,False,B,0.8846,C,NYNYLYRLF,True,Spike glycoprotein,SARS-CoV2,P0DTC2.1,9,,,,TRAV12-1,TRBV6-1,TRAV12-1*01,TRAJ41*01,TRBV6-1*01,TRBJ2-7*01,NSASQS,VYSSG,VVNMLRNSGYALN,MNHNS,SASEGT,ASSESGGYEQY,abTCR,,,,,tcr3d,,,,PDBe API (backfill),0.3685,1:0.3685,1,False,pathogen,organism is a pathogen,CL108,1,False
8RRO,3.5,x_ray,2024-01-23,2024-11-20,5,C,hla_a,1.0,HLA-A*03:01,0.9928,False,,,False,D,0.8846,E,VVVGAVGVGK,True,,,,10,,,,TRAV12-3,TRBV1,TRAV12-3*05,TRAJ40*01,TRBV1*01,TRBJ2-3*01,TIYSNAF,SSTDNKR,ALSEGGNYKYV,NSQYPW,LRSPGD,TCSARHSAETLY,abTCR,,,,,tcr3d,,,,PDBe API (backfill),0.5271,1:0.5271,1,False,tumour,tumor infiltrating TCR recognition of hotspot KRAS-G12V mutation,CL109,1,False
8RYM,2.34,x_ray,2024-02-09,2024-09-04,5,A,hla_a,1.0,HLA-A*03:01,0.9982,False,,,False,B,0.8846,C,ELFSYLIEK,True,Melanoma antigen preferentially expressed in tumors,Homo sapiens (human),P78395.1,9,,,,TRAV21,TRBV6-6,TRAV21*01,TRAJ39*01,TRBV6-6*01,TRBJ1-2*01,DSAIYN,IQSSQRE,AVNNAGNMLT,MNHNY,SVGAGI,ASSETRGAPYGYT,abTCR,,,,,tcr3d,,,,PDBe API (backfill),0.455,1:0.455,1,False,tumour,known tumour antigen (melanoma antigen preferentially expresse),CL035,2,True
8RYN,1.97,x_ray,2024-02-09,2024-09-04,5,A,hla_a,1.0,HLA-A*11:01,0.9982,False,,,False,B,0.8846,C,ELFSYLIEK,True,Melanoma antigen preferentially expressed in tumors,Homo sapiens (human),P78395.1,9,,,,TRAV21,TRBV6-6,TRAV21*01,TRAJ39*01,TRBV6-6*01,TRBJ1-2*01,DSAIYN,IQSSQRE,AVNNAGNMLT,MNHNY,SVGAGI,ASSETRGAPYGYT,abTCR,,,,,tcr3d,,,,PDBe API (backfill),0.4424,1:0.4424,1,False,tumour,known tumour antigen (melanoma antigen preferentially expresse),CL035,2,True
8RYO,2.05,x_ray,2024-02-09,2024-09-04,5,A,hla_a,1.0,HLA-A*03:01,0.9982,False,,,False,B,0.8846,C,ELFSYLIEK,True,Melanoma antigen preferentially expressed in tumors,Homo sapiens (human),P78395.1,9,,,,TRAV21,TRBV6-6,TRAV21*01,TRAJ39*01,TRBV6-6*01,TRBJ1-2*01,LRWIYN,IQSSQRE,AVNNAGNMLT,MNHNY,SVGAGI,ASSETRGAPYGYT,abTCR,,,,,tcr3d,,,,PDBe API (backfill),0.4816,1:0.4816,1,True,tumour,known tumour antigen (melanoma antigen preferentially expresse),CL110,1,False
8RYP,1.81,x_ray,2024-02-09,2024-09-04,5,A,hla_a,1.0,HLA-A*03:01,0.9982,False,,,False,B,0.8846,C,ELFSYLIEK,True,Melanoma antigen preferentially expressed in tumors,Homo sapiens (human),P78395.1,9,,,,TRAV21,TRBV9,TRAV21*01,TRAJ42*01,TRBV9*01,TRBJ2-1*01,DSAIYN,IQSSQRE,AVRQRGSQGNLI,SGDLS,YYNGEE,ASSPGGGHNEQF,abTCR,,,,,tcr3d,,,,PDBe API (backfill),0.3356,1:0.3356,1,True,tumour,known tumour antigen (melanoma antigen preferentially expresse),CL111,1,False
8RYQ,2.49,x_ray,2024-02-09,2024-09-04,5,A,hla_a,1.0,HLA-A*11:01,0.9982,False,,,False,B,0.8846,C,ELFSYLIEK,True,Melanoma antigen preferentially expressed in tumors,Homo sapiens (human),P78395.1,9,,,,TRAV21,TRBV9,TRAV21*01,TRAJ42*01,TRBV9*01,TRBJ2-1*01,DSAIYN,IQSSQRE,AVRQWGSLGNLI,SGDLS,YYNGEE,ASSPGGGHNEQF,abTCR,,,,,tcr3d,,,,PDBe API (backfill),0.3264,1:0.3264,1,True,tumour,known tumour antigen (melanoma antigen preferentially expresse),CL112,1,False
8SHI,2.90002,x_ray,2023-04-14,2023-06-28,5,A,hla_c,1.0,HLA-C*06:02,0.9946,False,"tool approximate-matched rare HLA-C*06:110 (0.99456) over common HLA-C*06:02 (0.99275), single-residue difference. Curated per domain expert.",HLA-C*06:110,True,B,0.8846,C,VRSRRALRL,True,,,,9,"G,I","H,J",abTCR,TRAV17,TRBV6-5,TRAV17*01,TRAJ45*01,TRBV6-5*01,TRBJ1-1*01,TSINN,IRSNERE,ATDALYSGGGADGLT,MNHEY,SVGAGI,ASSYSEGEDEAF,abTCR,,,,,"stcrdab,tcr3d,atlas",,,,STCRDab,0.3661,1:0.3557;2:0.3765,2,True,autoimmune,psoriasis-associated-peptide-antigen presented by HLA-C*06:02,CL113,1,False
8V4Z,2.4,x_ray,2023-11-29,2024-12-18,5,A,hla_b,1.0,HLA-B*35:01,0.9982,False,,,False,B,0.8846,C,LPFEKSTIM,True,"nucleoprotein, partial",Influenza A virus (A/swine/Hong Kong/74/02(H3N2)),AAR12356.1,9,,,,TRAV1-1,TRBV7-8,TRAV1-1*01,TRAJ9*01,TRBV7-8*01,TRBJ2-5*01,TSGFYG,NALDGL,AVDTGGFKTI,SGHVS,FQNEAQ,ASSPTGGQETQY,abTCR,,,,,tcr3d,,,,PDBe API (backfill),0.5753,1:0.5753,1,True,pathogen,organism is a pathogen,CL015,3,True
8V50,2.65,x_ray,2023-11-30,2024-12-18,5,A,hla_b,1.0,HLA-B*35:42,1.0,True,,,False,B,0.8846,C,LPFDKSTVM,True,nucleocapsid protein,Influenza A virus (A/California/10/1978(H1N1)) (Influenza A virus (A/California/10/78 (H1N1))),ABP49342.1,9,,,,TRAV1-1,TRBV7-8,TRAV1-1*01,TRAJ9*01,TRBV7-8*01,TRBJ2-5*01,TSGFYG,NALDGL,AVDTGGFKTI,SGHVS,FQNEAQ,ASSPTGGQETQY,abTCR,,,,,tcr3d,,,,PDBe API (backfill),0.5574,1:0.5574,1,True,pathogen,organism is a pathogen,CL015,3,True
8V51,2.1,x_ray,2023-11-30,2024-12-18,5,A,hla_b,1.0,HLA-B*35:01,0.9982,False,,,False,B,0.8979,C,LPFEKSTVM,True,nucleoprotein,Influenza A virus,AAC63426.1,9,,,,TRAV1-1,TRBV7-8,TRAV1-1*01,TRAJ9*01,TRBV7-8*01,TRBJ2-5*01,TSGFYG,NALDGL,AVDTGGFKTI,SGHVS,FQNEAQ,ASSPTGGQETQY,abTCR,,,,,tcr3d,,,,PDBe API (backfill),0.5691,1:0.5691,1,True,pathogen,organism is a pathogen,CL015,3,True
8YE4,3.2,x_ray,2024-02-21,2024-08-21,5,A,hla_a,1.0,HLA-A*24:02,1.0,True,,,False,B,0.9082,E,NYNYLYRLF,True,Spike glycoprotein,SARS-CoV2,P0DTC2.1,9,"G,I","H,J",abTCR,TRAV12-1,TRBV6-1,TRAV12-1*01,TRAJ28*01,TRBV6-1*01,TRBJ2-7*01,NSASQS,VYSSG,VVNAHSGAGSYQLT,MNHNS,SASEGT,ASSETGGYEQY,abTCR,,,,,"stcrdab,tcr3d",,,,STCRDab,0.3788,1:0.3883;2:0.3693,2,False,pathogen,organism is a pathogen,CL114,1,False
9D95,2.8,x_ray,2024-08-21,2025-09-03,5,A,hla_b,1.0,HLA-B*38:01,0.9982,False,,,False,B,0.8846,C,YHLIVDTDSL,True,nuclear protein EBNA2,Human herpesvirus 4 (Epstein Barr virus),AAA45903.1,10,,,,TRAV35,TRBV20-1,TRAV35*01,TRAJ40*01,TRBV20-1*01,TRBJ1-2*01,SIFNT,LYKAGEL,AGRDEGTYKYI,DFQATT,SNEGSKA,SARDLQGVNYGYT,abTCR,,,,,tcr3d,,,,PDBe API (backfill),0.3233,1:0.3233,1,True,pathogen,organism is a pathogen,CL115,1,False
9GV6,2.77,x_ray,2024-09-23,2025-04-23,5,A,hla_a,1.0,HLA-A*02:01,0.9982,False,,,False,B,0.8846,C,SLSNRLYYL,False,,,,9,,,,,TRBV11-2,TRAV4*01,TRAJ34*01,TRBV11-2*01,TRBJ2-5*01,HIAANDF,GYKTN,LAWGGTDMLI,SGHGT,FHNNGV,ASSLDWVGDGERQY,abTCR,,,,,tcr3d,,,,PDBe API (backfill),0.2242,1:0.2242,1,False,unresolved,Determining TCR binding orientation using cross-linking mass spectrometry (antigen not specified),CL116,1,False
9GV7,1.86,x_ray,2024-09-23,2025-04-23,5,A,hla_a,1.0,HLA-A*02:01,0.9982,False,,,False,B,0.8846,C,SLAGGLDDMKA,True,PAX5/ZNF521 fusion protein,Homo sapiens (human),ABI33104.1,11,,,,TRAV12-2,TRBV6-3,TRAV12-2*01,TRAJ4*01,TRBV6-2*01,TRBJ2-3*01,DRGSQS,IYETSI,AVGERVGGYNKLI,MNHNS,SRWGWE,ASSYGSGYNAQT,abTCR,,,,,tcr3d,,,,PDBe API (backfill),0.3297,1:0.3297,1,True,tumour,PAX5/ZNF521 fusion protein,CL117,1,False
9HLJ,2.54,x_ray,2024-12-05,2025-08-06,5,A,hla_c,1.0,HLA-C*12:02,0.8882,False,,,False,B,0.8846,C,KAYNVTQAF,True,Nucleoprotein,SARS-CoV2,P0DTC9.1,9,,,,TRAV5,TRBV7-8,TRAV5*01,TRAJ29*01,TRBV7-8*01,TRBJ2-1*01,DSSSTY,IFSNMDM,AEVEGNTPLV,SGHVS,FQNEAQ,ASSLAGLAGGVEQF,abTCR,,,,,tcr3d,,,,PDBe API (backfill),0.5065,1:0.5065,1,True,pathogen,organism is a pathogen,CL118,1,False
9IKY,3.45,x_ray,2024-06-29,2025-06-18,5,o,hla_a,1.0,HLA-A*11:01,1.0,True,,,False,p,0.8846,q,VVGAVGVGK,True,,,,9,,,,TRAV7D-2,TRBV13-2,TRAV7-2*02,TRAJ33*01,TRBV13-2*01,TRBJ2-7*01,DRNVDY,IFSNGE,AARDSNYQLI,NNHNN,SYGAGS,ASGDFGGYEQY,abTCR,tcr3d=TRAV7D-2;structure=TRAV7-2,Ambiguous/allelic: IEDB lists TRAV7-2 and TRAV7D-2; structure=TRAV7-2. Same CDR3a across sources.,TRBV13-2*01,TRAV7-2*02/TRAV7D-2*01/TRAV7D-2*02,tcr3d,,,,PDBe API (backfill),0.4226,1:0.4226,1,False,tumour,tumor infiltrating TCR recognition of hotspot KRAS-G12V mutation,CL119,1,False
9J4S,2.95,x_ray,2024-08-10,2025-08-13,10,C,hla_b,1.0,HLA-B*07:02,0.9982,False,,,False,D,0.8846,E,SPRWYFYYL,True,nucleocapsid protein,SARS-CoV1,AAP49024.1,9,,,,TRAV3,TRBV9,TRAV3*01,TRAJ31*01,TRBV9*01,TRBJ2-1*01,VSGNPY,YITGDNLV,AVRDYNNARLM,SGDLS,YYNGEE,ASSVSGGAYNEQF,abTCR,,,,,tcr3d,,,,PDBe API (backfill),0.5076,1:0.5076,1,False,pathogen,organism is a pathogen,CL120,1,False
9J4T,2.04,x_ray,2024-08-10,2025-08-13,5,A,hla_b,1.0,HLA-B*07:02,0.9982,False,,,False,B,0.8846,C,SPRWYFYYL,True,nucleocapsid protein,SARS-CoV1,AAP49024.1,9,,,,TRAV17,TRBV6-6,TRAV17*01,TRAJ57*01,TRBV6-6*01,TRBJ2-7*01,TSINN,IRSNERE,ATDAGPEKLV,MNHNY,SVGAGI,ASRQLAGFYEQY,abTCR,,,,,tcr3d,,,,PDBe API (backfill),0.4266,1:0.4266,1,False,pathogen,organism is a pathogen,CL121,1,False
9J4U,2.17,x_ray,2024-08-10,2025-08-13,5,A,hla_a,1.0,HLA-A*02:01,0.9982,False,,,False,B,0.8846,C,LLLDRLNQL,True,nucleocapsid protein [SARS coronavirus BJ182a],SARS-CoV1,172043991,9,,,,TRAV12-1,TRBV9,TRAV12-1*01,TRAJ17*01,TRBV9*01,TRBJ2-3*01,NSASQS,VYSSG,VQGAAGNKLT,SGDLS,YYNGEE,ASSVELNSYEQY,abTCR,,,,,tcr3d,,,,PDBe API (backfill),0.2255,1:0.2255,1,True,pathogen,organism is a pathogen,CL122,1,False
9K2I,3.05,x_ray,2024-10-17,2025-10-22,5,A,hla_a,1.0,HLA-A*02:01,0.9982,False,,,False,B,0.8846,C,FSGEYIPTV,True,,,,9,,,,TRAV13-1,TRBV3-1,TRAV13-1*01,TRAJ54*01,TRBV3-1*01,TRBJ2-1*01,DSASNY,IRSNVGE,AASRGGAQKLV,LGHDT,YNNKEL,ASSQLAGGPLYNEQF,abTCR,,,,,tcr3d,,,,PDBe API (backfill),0.3858,1:0.3858,1,True,tumour,Rac1 neoantigen arising from anchor residue mutation,CL123,1,False
9K2R,2.98,x_ray,2024-10-18,2025-09-17,5,A,hla_c,1.0,HLA-C*12:02,0.9964,False,,,False,B,0.8846,C,ILKEPVHGVYY,True,"pol protein, partial [Human immunodeficiency virus 1]",HIV-1 M:B,ASV70687.1,11,,,,TRAV24,TRBV27,TRAV24*01,TRAJ33*01,TRBV27*01,TRBJ1-5*01,SSNFYA,MTLNGDE,YVPMDSNYQLI,MNHEY,SMNVEV,ASSLVGAGQPQH,abTCR,,,,,tcr3d,,,,PDBe API (backfill),0.4401,1:0.4401,1,False,pathogen,organism is a pathogen,CL124,1,False
9NMU,2.1,x_ray,2025-03-04,2026-03-18,5,A,hla_a,1.0,HLA-A*02:01,0.9928,False,,,False,B,0.8846,C,TLMSAMTNL,True,Prostatic acid phosphatase,Homo sapiens (human),P15309.3,9,,,,TRAV12-2,TRBV9,TRAV12-2*01,TRAJ31*01,TRBV9*01,TRBJ1-1*01,DRGSQS,IYSNGD,AVNNARLM,SGDLS,YYNGEE,ASSVAGSPEAF,abTCR,,,,,tcr3d,,,,PDBe API (backfill),0.2012,1:0.2012,1,True,tumour,prostatic acid phosphatase prostate cancer antigen,CL125,1,False
9NMV,1.97,x_ray,2025-03-04,2026-03-18,5,A,hla_a,1.0,HLA-A*02:01,0.9928,False,,,False,B,0.8846,C,TLMSAMTNL,True,Prostatic acid phosphatase,Homo sapiens (human),P15309.3,9,,,,TRAV12-2,TRBV9,TRAV12-2*01,TRAJ31*01,TRBV9*01,TRBJ1-1*01,DRGSQH,IYSNGD,AVNNARLM,SGDLS,YYNGEE,ASSVAGSPEAF,abTCR,,,,,tcr3d,,,,PDBe API (backfill),0.1987,1:0.1987,1,True,tumour,prostatic acid phosphatase prostate cancer antigen,CL126,1,False
9NMW,2.11,x_ray,2025-03-04,2026-03-18,5,A,hla_a,1.0,HLA-A*02:01,0.9928,False,,,False,B,0.8846,C,TLMSAMTNL,True,Prostatic acid phosphatase,Homo sapiens (human),P15309.3,9,,,,TRAV12-2,TRBV9,TRAV12-2*01,TRAJ31*01,TRBV9*01,TRBJ1-1*01,DRGEQQ,IYSNGD,AVNNARLM,SGDLS,YYNGEE,ASSVAGSPEAF,abTCR,,,,,tcr3d,,,,PDBe API (backfill),0.2156,1:0.2156,1,True,tumour,prostatic acid phosphatase prostate cancer antigen,CL127,1,False
9NMX,2.19,x_ray,2025-03-04,2026-03-18,5,A,hla_a,1.0,HLA-A*02:01,0.9928,False,,,False,B,0.8846,C,TLMSAMTNL,True,Prostatic acid phosphatase,Homo sapiens (human),P15309.3,9,,,,TRAV12-2,TRBV9,TRAV12-2*01,TRAJ31*01,TRBV9*01,TRBJ1-1*01,DRGSQM,IYSNGD,AVNNARLM,SGDLS,YYNGEE,ASSVAGSPEAF,abTCR,,,,,tcr3d,,,,PDBe API (backfill),0.217,1:0.217,1,True,tumour,prostatic acid phosphatase prostate cancer antigen,CL128,1,False
9NMY,2.01,x_ray,2025-03-04,2026-03-18,5,A,hla_a,1.0,HLA-A*02:01,0.9928,False,,,False,B,0.8846,C,TLMSAMTNL,True,Prostatic acid phosphatase,Homo sapiens (human),P15309.3,9,,,,TRAV12-2,TRBV9,TRAV12-2*01,TRAJ31*01,TRBV9*01,TRBJ1-1*01,DRGSQQ,IYSNGD,AVNNARLM,SGDLS,YYNGEE,ASSVAGSPEAF,abTCR,,,,,tcr3d,,,,PDBe API (backfill),0.2242,1:0.2242,1,True,tumour,prostatic acid phosphatase prostate cancer antigen,CL129,1,False
9PBG,2.0,x_ray,2025-06-26,2026-03-18,5,A,hla_b,1.0,HLA-B*27:05,0.9892,False,,,False,B,0.8846,C,LRVMMLAPF,True,UPF0324 inner membrane protein YeiH,Salmonella enterica subsp. enterica serovar Typhi,Q7CB38.1,9,,,,TRAV21,TRBV9,TRAV21*01,TRAJ28*01,TRBV9*01,TRBJ2-3*01,DSAIYN,IQSSQRE,GIALIGSGAGSYQLT,SGDLS,YYNGEE,ASSPATYSTDTQY,abTCR,,,,,tcr3d,,,,PDBe API (backfill),0.365,1:0.365,1,True,pathogen,organism is a pathogen,CL036,2,True
9PBH,2.13,x_ray,2025-06-26,2026-03-18,5,A,hla_b,1.0,HLA-B*27:05,0.9892,False,,,False,B,0.8846,C,GRLPLLNPI,False,,,,9,,,,TRAV21,TRBV9,TRAV21*01,TRAJ28*01,TRBV9*01,TRBJ2-3*01,DSAIYN,IQSSQRE,GIALIGSGAGSYQLT,SGDLS,YYNGEE,ASSPATYSTDTQY,abTCR,,,,,tcr3d,,,,PDBe API (backfill),0.3497,1:0.3497,1,True,autoimmune,HLA-B*27:05-restricted TCRs from persons with ankylosing spondylitis and acute anterior uveitis,CL036,2,True
9RU5,3.26,cryo_em,2025-07-03,2025-08-13,4,M,hla_a,1.0,HLA-A*01:01,0.9927,False,,,False,,,P,FTSDYYQLY,True,ORF3a protein,SARS-CoV2,P0DTC3.1,9,,,,TRAV3,TRBV5-1,TRAV3*01,TRAJ6*01,TRBV5-1*01,TRBJ1-1*01,VSGNPY,YITGDNLV,AVRVVTSGGSYIPT,SGHRS,YFSETQ,ASSLAGDLGTEAF,abTCR,,,,,tcr3d,,not detected (single-chain construct or absent from assembly),"PROVISIONAL (confirm w/ depositing lab, wk of 2026-07-13): cryo-EM structure; MHC chain A modelled to ~170aa (alpha1/alpha2 only) - membrane-proximal alpha3 Ig domain and beta2-microglobulin apparently absent due to insufficient density, not a labelling/pipeline error. Chain A confirmed HLA-A by histo_hmm (conf 1.0).",PDBe API (backfill),1.1598,1:1.1598,1,False,pathogen,"SARS-CoV-2 ORF3a(207-215) epitope (Nour et al. bioRxiv 2025, PMID 41394715)",CL037,2,True
9RUP,4.11,cryo_em,2025-07-04,2025-08-13,10,C,hla_a,1.0,HLA-A*01:01,0.9927,False,,,False,E,0.9082,D,FTSDYYQLY,True,ORF3a protein,SARS-CoV2,P0DTC3.1,9,,,,TRAV3,TRBV5-1,TRAV3*01,TRAJ6*01,TRBV5-1*01,TRBJ1-1*01,VSGNPY,YITGDNLV,AVRVVTSGGSYIPT,SGHRS,YFSETQ,ASSLAGDLGTEAF,abTCR,,,,,tcr3d,,,,PDBe API (backfill),0.8578,1:0.8578,1,False,pathogen,"SARS-CoV-2 ORF3a(207-215) epitope (Nour et al. bioRxiv 2025, PMID 41394715)",CL037,2,True
9RXM,3.0,cryo_em,2025-07-11,2025-08-13,5,E,hla_a,1.0,HLA-A*01:01,0.9982,False,,,False,F,0.9082,D,FTSDYYQLY,True,ORF3a protein,SARS-CoV2,P0DTC3.1,9,,,,TRAV25,TRBV5-1,TRAV25*01,TRAJ57*01,TRBV5-1*01,TRBJ1-1*01,TTLSN,LVKSGEV,ASDREGGSEKLV,SGHRS,YFSETQ,ASSLWTGVGTEAF,abTCR,,,,,tcr3d,,,,PDBe API (backfill),0.6948,1:0.6948,1,False,pathogen,"SARS-CoV-2 ORF3a(207-215) epitope (Nour et al. bioRxiv 2025, PMID 41394715)",CL130,1,False
9WBD,2.75,x_ray,2025-08-13,2025-11-19,5,C,hla_b,1.0,HLA-B*07:02,0.9982,False,,,False,D,0.8846,E,SPRWYFYYL,True,nucleocapsid protein,SARS-CoV1,AAP49024.1,9,,,,TRAV25,TRBV7-8,TRAV25*01,TRAJ40*01,TRBV7-8*01,TRBJ1-2*01,TTLSN,LVKSGEV,AGYTSGTYKYI,SGHVS,FQNEAQ,ASSLGQGHFT,abTCR,,,,,tcr3d,,,,PDBe API (backfill),0.4493,1:0.4493,1,False,pathogen,organism is a pathogen,CL131,1,False
9YW4,3.1,x_ray,2025-10-23,2026-06-17,5,D,hla_a,1.0,HLA-A*01:01,0.9982,False,,,False,E,0.8846,P,ILDTAGKEEY,True,,,,10,,,,TRAV5,TRBV6-6,TRAV5*01,TRAJ9*01,TRBV6-6*01,TRBJ2-7*01,DSSSTY,IFSNMDM,AESSGGGFKTI,MNHNY,SVGAGI,ASSTPGPSAYEQY,abTCR,,,,,tcr3d,,,,PDBe API (backfill),0.4278,1:0.4278,1,False,tumour,Structural basis for oligoclonal T cell recognition of a shared NRAS cancer neoantigen,CL132,1,False
9ZCL,2.3,x_ray,2025-11-23,2026-06-17,5,C,hla_a,1.0,HLA-A*01:01,0.9982,False,,,False,D,0.8846,P,ILDTAGKEEY,True,,,,10,,,,TRAV19,TRBV6-1,TRAV19*01,TRAJ17*01,TRBV6-1*01,TRBJ1-1*01,TRDTTYY,RNSFDEQN,ALSESGDAAGNKLT,MNHNS,SASEGT,AEGENTEAF,abTCR,,,,,tcr3d,,,,PDBe API (backfill),0.4896,1:0.4896,1,False,tumour,Structural basis for oligoclonal T cell recognition of a shared NRAS cancer neoantigen,CL133,1,False
