chain_1,resnum_1,resname_1,atom_1,chain_2,resnum_2,resname_2,atom_2,interaction_types,distance,tcr_chain,cdr_loop
A,62,G,C,D,101,T,OG1,proximal,4.97,alpha,cdr3
A,62,G,CA,D,101,T,CG2,proximal,4.56,alpha,cdr3
A,62,G,CA,D,101,T,OG1,proximal,4.48,alpha,cdr3
A,62,G,O,D,101,T,CG2,proximal,4.62,alpha,cdr3
A,62,G,O,D,101,T,OG1,proximal,4.93,alpha,cdr3
A,65,R,CB,D,101,T,CG2,proximal,4.76,alpha,cdr3
A,65,R,CD,D,101,T,CG2,proximal,4.20,alpha,cdr3
A,65,R,CG,D,101,T,CG2,"proximal,hydrophobic",4.47,alpha,cdr3
A,65,R,CZ,D,101,T,CG2,proximal,4.16,alpha,cdr3
A,65,R,NE,D,101,T,CB,proximal,4.79,alpha,cdr3
A,65,R,NE,D,101,T,CG2,proximal,3.35,alpha,cdr3
A,65,R,NH2,D,101,T,CG2,proximal,4.02,alpha,cdr3
A,66,K,CD,D,99,G,O,proximal,4.70,alpha,cdr3
A,66,K,CD,D,100,G,C,proximal,4.91,alpha,cdr3
A,66,K,CD,D,100,G,O,proximal,4.63,alpha,cdr3
A,66,K,CD,D,101,T,CA,proximal,4.42,alpha,cdr3
A,66,K,CD,D,101,T,CB,proximal,4.77,alpha,cdr3
A,66,K,CD,D,101,T,CG2,proximal,4.86,alpha,cdr3
A,66,K,CD,D,101,T,N,proximal,4.89,alpha,cdr3
A,66,K,CD,D,101,T,OG1,proximal,4.28,alpha,cdr3
A,66,K,CE,D,101,T,OG1,proximal,4.41,alpha,cdr3
A,66,K,CG,D,101,T,CA,proximal,4.50,alpha,cdr3
A,66,K,CG,D,101,T,CB,proximal,4.74,alpha,cdr3
A,66,K,CG,D,101,T,CG2,"proximal,hydrophobic",4.37,alpha,cdr3
A,66,K,CG,D,101,T,O,proximal,4.98,alpha,cdr3
A,66,K,CG,D,101,T,OG1,proximal,4.57,alpha,cdr3
A,66,K,NZ,D,99,G,O,proximal,4.22,alpha,cdr3
A,66,K,NZ,D,101,T,OG1,proximal,4.80,alpha,cdr3
A,69,A,CA,E,56,D,OD1,proximal,4.36,beta,cdr2
A,69,A,CB,E,52,Q,CD,proximal,4.88,beta,cdr2
A,69,A,CB,E,52,Q,OE1,proximal,3.92,beta,cdr2
A,69,A,CB,E,56,D,CG,proximal,4.75,beta,cdr2
A,69,A,CB,E,56,D,OD1,proximal,4.19,beta,cdr2
A,69,A,N,E,56,D,OD1,proximal,4.77,beta,cdr2
A,69,A,O,E,53,I,CG2,proximal,4.70,beta,cdr2
A,72,Q,C,E,53,I,CD1,proximal,4.43,beta,cdr2
A,72,Q,C,E,53,I,CG2,proximal,4.61,beta,cdr2
A,72,Q,CA,E,53,I,CG2,proximal,4.88,beta,cdr2
A,72,Q,CB,E,53,I,CG2,"proximal,hydrophobic",3.83,beta,cdr2
A,72,Q,CB,E,54,V,O,proximal,4.60,beta,cdr2
A,72,Q,CB,E,56,D,CB,proximal,4.95,beta,cdr2
A,72,Q,CD,E,54,V,O,proximal,4.25,beta,cdr2
A,72,Q,CD,E,55,N,C,proximal,4.46,beta,cdr2
A,72,Q,CD,E,55,N,CA,proximal,5.00,beta,cdr2
A,72,Q,CD,E,55,N,CB,proximal,4.28,beta,cdr2
A,72,Q,CD,E,55,N,O,proximal,3.78,beta,cdr2
A,72,Q,CG,E,53,I,CG2,"proximal,hydrophobic",3.96,beta,cdr2
A,72,Q,CG,E,54,V,C,proximal,4.62,beta,cdr2
A,72,Q,CG,E,54,V,O,"proximal,weak_polar",3.42,beta,cdr2
A,72,Q,CG,E,55,N,C,proximal,4.33,beta,cdr2
A,72,Q,CG,E,55,N,CA,proximal,4.92,beta,cdr2
A,72,Q,CG,E,55,N,CB,proximal,4.52,beta,cdr2
A,72,Q,CG,E,55,N,O,proximal,3.99,beta,cdr2
A,72,Q,CG,E,56,D,CB,proximal,4.69,beta,cdr2
A,72,Q,CG,E,56,D,N,proximal,4.78,beta,cdr2
A,72,Q,NE2,E,54,V,O,proximal,4.47,beta,cdr2
A,72,Q,NE2,E,55,N,C,proximal,4.97,beta,cdr2
A,72,Q,NE2,E,55,N,CB,proximal,4.05,beta,cdr2
A,72,Q,NE2,E,55,N,CG,proximal,4.92,beta,cdr2
A,72,Q,NE2,E,55,N,O,proximal,4.38,beta,cdr2
A,72,Q,NE2,E,55,N,OD1,proximal,4.84,beta,cdr2
A,72,Q,O,E,53,I,CD1,proximal,4.17,beta,cdr2
A,72,Q,O,E,53,I,CG1,proximal,4.89,beta,cdr2
A,72,Q,O,E,53,I,CG2,proximal,4.89,beta,cdr2
A,72,Q,OE1,E,55,N,C,proximal,4.64,beta,cdr2
A,72,Q,OE1,E,55,N,CB,proximal,4.83,beta,cdr2
A,72,Q,OE1,E,55,N,O,proximal,3.70,beta,cdr2
A,73,T,C,E,53,I,CD1,proximal,4.66,beta,cdr2
A,73,T,CA,E,53,I,CD1,proximal,3.67,beta,cdr2
A,73,T,CA,E,53,I,CG1,proximal,4.93,beta,cdr2
A,73,T,CA,E,53,I,CG2,proximal,4.99,beta,cdr2
A,73,T,CB,E,53,I,CD1,proximal,4.14,beta,cdr2
A,73,T,CG2,E,53,I,CD1,"proximal,hydrophobic",4.24,beta,cdr2
A,73,T,N,E,53,I,CD1,proximal,4.28,beta,cdr2
A,73,T,N,E,53,I,CG2,proximal,4.67,beta,cdr2
A,73,T,O,E,53,I,CD1,proximal,4.60,beta,cdr2
A,73,T,OG1,E,53,I,CB,proximal,4.70,beta,cdr2
A,73,T,OG1,E,53,I,CD1,proximal,3.87,beta,cdr2
A,73,T,OG1,E,53,I,CG1,proximal,4.89,beta,cdr2
A,73,T,OG1,E,53,I,CG2,proximal,4.36,beta,cdr2
A,75,R,NH2,E,55,N,OD1,proximal,4.67,beta,cdr2
A,76,V,CB,E,53,I,CD1,"proximal,hydrophobic",4.02,beta,cdr2
A,76,V,CB,E,53,I,CG1,proximal,4.80,beta,cdr2
A,76,V,CG1,E,53,I,CD1,"proximal,hydrophobic",4.48,beta,cdr2
A,76,V,CG2,E,53,I,CD1,"proximal,hydrophobic",3.73,beta,cdr2
A,76,V,CG2,E,53,I,CG1,"proximal,hydrophobic",4.08,beta,cdr2
A,76,V,CG2,E,54,V,CG1,"proximal,hydrophobic",3.72,beta,cdr2
